1547620674418966272,-0.01929,0.06007,0.56947,0.99965,0.01204,0.02197,-0.00895,-0.01860,0.04575,0.59417,
1547620674518953472,-0.00786,0.05205,0.61277,0.99967,0.00559,0.02457,-0.00471,-0.01339,0.02690,0.59395,
1547620674618938880,0.00196,0.04591,0.67183,0.99965,-0.00527,0.02570,0.00385,-0.04230,0.00385,0.54889,
1547620674718939648,0.00090,0.02942,0.71681,0.99979,-0.00981,0.01572,0.00818,-0.05608,0.00637,0.35139,
1547620674818940672,-0.00455,0.02412,0.74186,0.99993,-0.01020,0.00247,0.00494,-0.02308,-0.01150,0.06783,
1547620674918948352,-0.00835,0.02331,0.73935,0.99991,-0.00714,-0.01170,0.00103,0.00811,-0.01901,-0.23287,
1547620675018942208,-0.01368,0.02305,0.71904,0.99990,-0.00654,-0.01258,-0.00200,0.03569,-0.04120,-0.41323,
1547620675118949376,-0.01911,0.02550,0.66727,0.99986,-0.01114,-0.01202,-0.00348,0.04259,-0.05536,-0.49430,
1547620675218941696,-0.01581,0.02266,0.60463,0.99991,-0.00754,-0.01066,-0.00344,0.05238,-0.06489,-0.56090,
1547620675318940672,-0.01021,0.01894,0.54370,0.99994,-0.00042,-0.01076,-0.00323,0.06869,-0.06696,-0.60796,
1547620675418939136,-0.00455,0.01596,0.47743,0.99984,0.01167,-0.01324,-0.00393,0.05367,-0.05176,-0.63389,
1547620675518938368,0.00147,0.01430,0.41309,0.99965,0.02114,-0.01501,-0.00437,0.07012,-0.02776,-0.65410,
1547620675668938240,0.00707,0.01507,0.31767,0.99966,0.02446,-0.00768,0.00419,0.03617,0.01153,-0.57585,
1547620675768937984,0.00827,0.01616,0.26149,0.99962,0.02693,-0.00205,0.00598,0.02706,-0.00007,-0.50260,
1547620675818972160,0.00497,0.01522,0.23348,0.99951,0.03083,0.00003,0.00555,0.01557,0.00229,-0.48314,
1547620675918946048,0.00179,0.01377,0.18489,0.99952,0.03058,0.00357,0.00239,0.02275,0.00838,-0.43240,
1547620676018940416,0.00058,0.01474,0.14761,0.99947,0.02887,0.01492,-0.00105,-0.00398,0.01673,-0.27517,
1547620676118941696,-0.00318,0.01565,0.12867,0.99936,0.02578,0.02461,-0.00256,-0.00619,0.01329,-0.02990,
1547620676218941184,-0.00644,0.01729,0.13348,0.99923,0.02471,0.03063,-0.00068,0.00687,0.01602,0.22431,
1547620676318943488,-0.00895,0.02359,0.15906,0.99927,0.02277,0.03026,0.00507,0.02208,0.02039,0.41379,
1547620676418943232,-0.00841,0.02632,0.20645,0.99948,0.02011,0.02365,0.00889,0.03056,0.01640,0.53613,
1547620676518976256,-0.00671,0.03090,0.26508,0.99967,0.01707,0.01647,0.00995,0.02963,0.01410,0.61856,
1547620676618961664,-0.00362,0.03263,0.33144,0.99980,0.01597,0.00762,0.00970,0.03247,0.01565,0.67531,
1547620676718945792,-0.00024,0.03311,0.40200,0.99983,0.01595,-0.00174,0.00889,0.03797,0.01864,0.69042,
1547620676818966784,0.00288,0.03502,0.47198,0.99985,0.01422,-0.00596,0.00786,0.03378,0.02759,0.67713,
1547620676918947840,0.00523,0.03742,0.53911,0.99983,0.01330,-0.01054,0.00726,0.02128,0.01949,0.65726,
1547620677018964736,0.00588,0.03896,0.60407,0.99973,0.01257,-0.01776,0.00854,0.02173,0.02321,0.59928,
1547620677118949888,0.00532,0.04100,0.66165,0.99969,0.01115,-0.02101,0.00800,0.00501,0.01770,0.52533,
1547620677218954752,0.00238,0.04199,0.70848,0.99942,0.01075,-0.03105,0.00864,-0.02090,0.01547,0.37572,
1547620677318951936,-0.00344,0.04317,0.73593,0.99902,0.00986,-0.04220,0.00955,-0.00795,0.00680,0.10305,
1547620677418952704,-0.00965,0.04305,0.73306,0.99851,0.01008,-0.05295,0.00859,0.01233,-0.00932,-0.22284,
1547620677518953728,-0.01285,0.04082,0.70028,0.99858,0.01346,-0.05130,0.00458,0.02014,0.00490,-0.46254,
1547620677618954240,-0.01254,0.04067,0.64467,0.99852,0.01819,-0.05120,0.00047,0.01811,0.02779,-0.59759,
1547620677718956800,-0.01108,0.04055,0.58214,0.99876,0.02008,-0.04545,-0.00231,0.04213,0.01744,-0.60577,
1547620677818960640,-0.00662,0.03807,0.52472,0.99933,0.02420,-0.02738,-0.00233,0.04235,-0.04945,-0.43805,
1547620677918961664,-0.00306,0.02733,0.48956,0.99953,0.02847,-0.01148,0.00087,0.02098,-0.19198,-0.19521,
1547620678018958848,-0.00029,-0.00047,0.47454,0.99946,0.03279,-0.00207,0.00192,0.01938,-0.39267,-0.04843,
1547620678118959616,0.00247,-0.04864,0.46998,0.99954,0.03014,0.00181,-0.00119,0.02796,-0.59903,-0.00358,
1547620678218960640,0.00465,-0.11626,0.46695,0.99973,0.02026,0.00614,-0.01006,0.01785,-0.75299,0.00751,
1547620678318961664,0.00425,-0.19575,0.46538,0.99958,0.00762,0.00813,-0.02682,-0.01222,-0.81911,0.01872,
1547620678418962176,0.00078,-0.27701,0.46577,0.99899,-0.00455,0.00999,-0.04351,-0.03988,-0.79299,0.03214,
1547620678518963200,-0.00516,-0.35167,0.46900,0.99805,-0.01646,0.01268,-0.05886,-0.06259,-0.69554,0.06274,
1547620678618976000,-0.01159,-0.41160,0.47432,0.99646,-0.02743,0.01458,-0.07810,-0.05409,-0.56100,0.07539,
1547620678719017728,-0.01761,-0.45467,0.47890,0.99460,-0.03501,0.01048,-0.09711,-0.05168,-0.33300,0.06860,
1547620678818967808,-0.02256,-0.47373,0.48281,0.99315,-0.04177,0.00558,-0.10895,-0.02612,-0.06407,0.03168,
1547620678918968320,-0.02615,-0.46416,0.48662,0.99248,-0.04601,0.00168,-0.11340,-0.02614,0.21645,0.00005,
1547620679018968320,-0.02881,-0.42549,0.49092,0.99278,-0.04734,-0.00163,-0.11017,-0.02636,0.47269,-0.04572,
1547620679118980096,-0.03196,-0.36552,0.48811,0.99386,-0.04116,-0.00117,-0.10266,-0.03983,0.67226,-0.08750,
1547620679218972160,-0.03704,-0.28532,0.48296,0.99510,-0.03551,0.00304,-0.09220,-0.04980,0.82223,-0.11487,
1547620679318972672,-0.04387,-0.19423,0.47318,0.99639,-0.03000,0.01115,-0.07867,-0.06531,0.93238,-0.11131,
1547620679418978816,-0.05266,-0.09611,0.46323,0.99772,-0.02157,0.01688,-0.06162,-0.08863,0.99144,-0.08444,
1547620679518972928,-0.06349,0.00511,0.45651,0.99893,-0.00878,0.01748,-0.04180,-0.10011,1.00313,-0.05024,
1547620679618971136,-0.07318,0.10699,0.45364,0.99963,0.00259,0.01918,-0.01918,-0.10310,0.98030,-0.02731,
1547620679718973184,-0.08134,0.20757,0.45341,0.99967,0.01035,0.02331,0.00359,-0.11265,0.94250,-0.00138,
1547620679818974208,-0.09419,0.30132,0.45481,0.99929,0.01342,0.02615,0.02358,-0.12815,0.85313,0.03072,
1547620679918976512,-0.10928,0.38476,0.45856,0.99872,0.02269,0.02555,0.03733,-0.12165,0.72838,0.05947,
1547620680018986496,-0.12445,0.45329,0.46261,0.99774,0.03506,0.02415,0.05190,-0.11800,0.56865,0.06309,
1547620680118979328,-0.13691,0.49947,0.46643,0.99653,0.04500,0.02202,0.06643,-0.08344,0.31174,0.04582,
1547620680218978560,-0.14382,0.51692,0.46966,0.99555,0.05102,0.02106,0.07634,-0.03630,-0.00098,0.02650,
1547620680318979584,-0.14327,0.50170,0.47108,0.99540,0.04832,0.01861,0.08065,0.00919,-0.29318,0.00458,
1547620680418979840,-0.13594,0.46107,0.46647,0.99610,0.03820,0.01685,0.07776,0.05818,-0.52404,-0.03740,
1547620680518980864,-0.12638,0.39724,0.45616,0.99718,0.02498,0.01731,0.06856,0.08577,-0.71301,-0.05839,
1547620680618981888,-0.11291,0.31369,0.44544,0.99836,0.01196,0.01921,0.05267,0.09868,-0.81500,-0.05549,
1547620680718982912,-0.09942,0.22498,0.43560,0.99932,-0.00568,0.02002,0.03030,0.09494,-0.82073,-0.04482,
1547620680819026944,-0.09025,0.14587,0.42740,0.99954,-0.01917,0.02176,0.00848,0.07005,-0.72205,-0.03120,
1547620680918995968,-0.08642,0.08316,0.42142,0.99941,-0.02077,0.02580,-0.00936,0.07022,-0.53877,-0.01115,
1547620681018985984,-0.08150,0.03832,0.41989,0.99905,-0.01804,0.03372,-0.02078,0.11596,-0.36282,0.03732,
1547620681118988288,-0.07014,0.00548,0.42342,0.99880,-0.00993,0.03849,-0.02872,0.20247,-0.24652,0.06773,
1547620681219004928,-0.04608,-0.01562,0.43017,0.99898,-0.00376,0.03611,-0.02679,0.33237,-0.11818,0.05659,
1547620681319007232,-0.00374,-0.02458,0.43790,0.99920,-0.00437,0.03319,-0.02179,0.50347,-0.03890,0.01836,
1547620681418991104,0.05671,-0.02500,0.44322,0.99932,-0.00365,0.03202,-0.01815,0.65142,0.04274,0.01367,
1547620681519034368,0.13055,-0.01831,0.45364,0.99951,-0.00162,0.02697,-0.01600,0.77881,0.06217,0.03740,
1547620681618994688,0.21294,-0.01172,0.46067,0.99963,-0.00040,0.01950,-0.01913,0.83782,0.06206,0.03373,
1547620681719014912,0.29772,-0.00230,0.47170,0.99962,-0.00156,0.00987,-0.02587,0.83308,0.06127,0.00250,
1547620681818996224,0.37791,0.00234,0.47069,0.99933,-0.01216,0.01287,-0.03193,0.75527,0.01939,-0.00034,
1547620681918996480,0.44557,0.00851,0.47938,0.99898,-0.01055,0.01067,-0.04247,0.60752,0.01361,0.06274,
1547620682018997248,0.49463,0.01473,0.49081,0.99861,-0.01094,0.00216,-0.05160,0.43628,0.01911,0.08661,
1547620682118998528,0.52252,0.01803,0.50080,0.99832,-0.01230,-0.00497,-0.05635,0.22720,-0.01436,0.08640,
1547620682218998784,0.52196,0.01632,0.51079,0.99824,-0.01011,-0.00886,-0.05781,-0.04564,-0.03492,0.09319,
1547620682319000320,0.49613,0.01085,0.51798,0.99824,-0.00792,-0.01187,-0.05755,-0.29509,-0.04287,0.08505,
1547620682419001344,0.44291,0.00186,0.52404,0.99848,-0.00290,-0.01348,-0.05346,-0.49497,-0.04707,0.05578,
1547620682519002368,0.37871,-0.00619,0.52355,0.99893,0.00311,-0.01336,-0.04414,-0.63503,-0.04385,0.03891,
1547620682619003392,0.30500,-0.01325,0.52126,0.99940,0.00687,-0.01502,-0.03028,-0.72152,-0.03043,0.04023,
1547620682719004416,0.22513,-0.02005,0.51936,0.99966,0.01232,-0.01044,-0.02029,-0.77034,-0.01224,0.04290,
1547620682819022336,0.14302,-0.02288,0.51711,0.99983,0.01723,-0.00287,-0.00582,-0.79951,0.01076,0.02247,
1547620682919026432,0.06004,-0.02187,0.51223,0.99967,0.02288,0.00946,0.00738,-0.80023,0.04097,-0.00351,
1547620683019007744,-0.01956,-0.01955,0.50488,0.99941,0.02273,0.02064,0.01515,-0.77632,0.02820,-0.03437,
1547620683119009024,-0.09610,-0.01842,0.49705,0.99931,0.02314,0.02343,0.01744,-0.75068,0.01752,-0.08659,
1547620683219009280,-0.17113,-0.01651,0.48468,0.99915,0.02629,0.02832,0.01414,-0.73106,0.03355,-0.12755,
1547620683319020800,-0.24485,-0.01261,0.47074,0.99905,0.02510,0.03408,0.01016,-0.70962,0.04952,-0.14112,
1547620683419012864,-0.31740,-0.00675,0.45484,0.99919,0.02299,0.03241,0.00651,-0.69391,0.05529,-0.12167,
1547620683519011840,-0.38654,0.00048,0.44053,0.99946,0.02005,0.02610,-0.00058,-0.62682,0.04332,-0.09953,
1547620683619015168,-0.44598,0.00516,0.42947,0.99945,0.01981,0.02519,-0.00894,-0.50527,0.03224,-0.05643,
1547620683719042304,-0.48994,0.00775,0.42331,0.99937,0.01923,0.02707,-0.01278,-0.31116,0.01872,-0.02773,
1547620683819014912,-0.51229,0.00727,0.42023,0.99938,0.01856,0.02626,-0.01402,-0.08757,-0.02007,-0.01135,
1547620683919013120,-0.50820,0.00583,0.42250,0.99937,0.01817,0.02688,-0.01414,0.14524,-0.03219,0.00899,
1547620684019020288,-0.48019,0.00443,0.42706,0.99955,0.01386,0.02343,-0.01285,0.35260,-0.05659,0.00855,
1547620684119015424,-0.43448,0.00179,0.43180,0.99966,0.01422,0.01804,-0.01211,0.49378,-0.06516,-0.01620,
1547620684219016448,-0.37777,-0.00085,0.43486,0.99976,0.01400,0.01366,-0.00987,0.57875,-0.06389,-0.05512,
1547620684319016448,-0.31611,-0.00335,0.43351,0.99981,0.01334,0.01226,-0.00751,0.60971,-0.05261,-0.09053,
1547620684419020544,-0.25691,-0.00308,0.43642,0.99976,0.01492,0.01554,-0.00479,0.57855,-0.02837,-0.07577,
1547620684519018752,-0.20166,-0.00222,0.43445,0.99983,0.01663,0.00768,-0.00187,0.49238,0.01578,-0.04565,
1547620684619017216,-0.15616,0.00270,0.43953,0.99991,0.01372,0.00126,0.00052,0.42877,0.03796,-0.02137,
1547620684719018240,-0.11745,0.00647,0.44052,0.99989,0.01369,0.00468,0.00136,0.35304,0.05070,0.02251,
1547620684819019264,-0.08501,0.01244,0.45311,0.99974,0.01334,0.01829,0.00132,0.28814,0.05309,0.19310,
1547620684919020288,-0.05983,0.01787,0.48118,0.99969,0.00794,0.02331,0.00236,0.19763,0.03316,0.42145,
1547620685069022976,-0.03459,0.02163,0.55508,0.99963,0.01204,0.02424,-0.00336,0.12161,0.02280,0.53195,
1547620685119022848,-0.02823,0.02229,0.57959,0.99962,0.01444,0.02314,-0.00412,0.11906,0.02151,0.45957,
1547620685219022080,-0.01768,0.02491,0.61032,0.99974,0.01695,0.01525,-0.00191,0.11773,0.03642,0.14668,
1547620685369020928,-0.00086,0.02731,0.58541,0.99986,0.01504,0.00754,0.00171,0.14484,0.00401,-0.49034,
1547620685419023872,0.00384,0.02696,0.55875,0.99979,0.01586,0.01295,0.00026,0.11788,0.00931,-0.63700,
1547620685519022592,0.01299,0.02614,0.48614,0.99961,0.01712,0.02166,-0.00321,0.08179,-0.00144,-0.82091,
1547620685619031808,0.01875,0.02550,0.39766,0.99960,0.01565,0.02198,-0.00800,0.06531,0.00499,-0.92188,
1547620685719020800,0.02309,0.02394,0.30697,0.99949,0.01424,0.02649,-0.01057,0.04204,-0.00577,-0.87828,
1547620685819054080,0.02488,0.02192,0.22625,0.99959,0.01603,0.02152,-0.00952,0.00371,-0.00370,-0.72522,
1547620685919024384,0.02480,0.01863,0.16028,0.99971,0.01685,0.01627,-0.00504,-0.00239,-0.00079,-0.58989,
1547620686019023616,0.02350,0.01759,0.10865,0.99968,0.01600,0.01910,-0.00329,-0.03252,-0.00724,-0.44785,
1547620686119024640,0.01853,0.01412,0.07268,0.99957,0.01607,0.02458,-0.00158,-0.07102,-0.00208,-0.26836,
1547620686219025664,0.01198,0.01511,0.05348,0.99952,0.01097,0.02882,0.00231,-0.09402,0.01075,-0.11754,
1547620686319026944,0.00237,0.01371,0.04977,0.99992,0.00820,0.00827,0.00413,-0.08067,0.00427,0.00516,
1547620686419026432,-0.00342,0.01174,0.04674,0.99997,0.00778,-0.00130,0.00160,-0.03942,-0.05552,-0.01074,
1547620686519042816,-0.00457,0.00391,0.04472,0.99983,0.01799,0.00111,0.00263,0.03622,-0.00743,-0.00705,
1547620686619028224,0.00118,0.00477,0.04247,0.99973,0.01823,0.01411,0.00426,0.02682,-0.00021,-0.00931,
1547620686719028480,0.00270,0.00521,0.04349,0.99971,0.01830,0.01530,0.00453,-0.00244,0.00090,0.00185,
1547620686819028736,0.00387,0.00565,0.04371,0.99969,0.01851,0.01588,0.00462,0.00555,-0.00215,0.00292,
1547620686919029760,0.00438,0.00350,0.04318,0.99970,0.01849,0.01553,0.00471,0.00954,-0.00871,0.00020,
1547620687019031808,0.00449,0.00188,0.04344,0.99970,0.01852,0.01548,0.00486,0.00878,-0.01016,0.00083,
1547620687119048192,0.00478,0.00167,0.04316,0.99970,0.01856,0.01539,0.00492,0.00613,-0.00878,0.00049,
1547620687219037952,0.00493,0.00169,0.04313,0.99970,0.01857,0.01540,0.00493,0.00597,-0.00785,0.00030,
1547620687319034368,0.00502,0.00173,0.04307,0.99970,0.01859,0.01534,0.00492,0.00667,-0.00660,-0.00106,
1547620687419041536,0.00504,0.00182,0.04303,0.99970,0.01861,0.01526,0.00491,0.00702,-0.00531,-0.00073,
1547620687519048704,0.00509,0.00187,0.04300,0.99970,0.01863,0.01521,0.00492,0.00682,-0.00514,-0.00160,
1547620687619039232,0.00513,0.00189,0.04293,0.99970,0.01865,0.01517,0.00492,0.00623,-0.00405,-0.00107,
1547620687719034624,0.00518,0.00198,0.04291,0.99970,0.01866,0.01517,0.00491,0.00607,-0.00352,-0.00079,
1547620687819035648,0.00521,0.00200,0.04291,0.99970,0.01867,0.01513,0.00491,0.00569,-0.00313,-0.00217,
1547620687919036928,0.00515,0.00204,0.04293,0.99970,0.01870,0.01513,0.00492,0.00591,-0.00233,-0.00180,
1547620688019038208,0.00519,0.00209,0.04288,0.99970,0.01872,0.01511,0.00492,0.00588,-0.00301,-0.00181,
1547620688119039232,0.00519,0.00208,0.04287,0.99970,0.01872,0.01510,0.00493,0.00544,-0.00253,-0.00246,
1547620688219040256,0.00518,0.00211,0.04289,0.99970,0.01874,0.01510,0.00492,0.00518,-0.00187,-0.00164,
1547620688319041792,0.00515,0.00210,0.04287,0.99970,0.01874,0.01510,0.00493,0.00470,-0.00161,-0.00141,
1547620688419042816,0.00512,0.00213,0.04292,0.99970,0.01875,0.01512,0.00493,0.00459,-0.00116,-0.00109,
1547620688519043840,0.00515,0.00214,0.04290,0.99970,0.01876,0.01511,0.00492,0.00445,-0.00093,-0.00128,
1547620688619055872,0.00513,0.00213,0.04289,0.99970,0.01876,0.01513,0.00493,0.00479,-0.00100,-0.00150,
1547620688719057152,0.00514,0.00214,0.04290,0.99970,0.01876,0.01513,0.00493,0.00532,-0.00074,-0.00094,
1547620688819045376,0.00518,0.00215,0.04288,0.99970,0.01876,0.01513,0.00492,0.00525,-0.00077,-0.00116,
1547620688919046400,0.00522,0.00211,0.04282,0.99970,0.01877,0.01510,0.00493,0.00538,-0.00073,-0.00200,
1547620689019047424,0.00520,0.00213,0.04284,0.99970,0.01879,0.01512,0.00493,0.00546,-0.00034,-0.00351,
1547620689119053312,0.00527,0.00222,0.04283,0.99970,0.01880,0.01512,0.00492,0.00606,-0.00035,-0.00389,
1547620689219062528,0.00526,0.00224,0.04282,0.99970,0.01881,0.01512,0.00492,0.00558,0.00018,-0.00319,
1547620689319050496,0.00519,0.00221,0.04287,0.99970,0.01882,0.01514,0.00493,0.00569,0.00003,-0.00404,
1547620689419058688,0.00517,0.00224,0.04291,0.99970,0.01884,0.01515,0.00493,0.00641,-0.00013,-0.00408,
1547620689519053824,0.00517,0.00223,0.04291,0.99970,0.01883,0.01517,0.00494,0.00633,0.00062,-0.00440,
1547620689619068160,0.00515,0.00222,0.04287,0.99970,0.01884,0.01517,0.00494,0.00609,0.00081,-0.00479,
1547620689719054336,0.00513,0.00218,0.04293,0.99969,0.01885,0.01518,0.00495,0.00639,0.00019,-0.00413,
1547620689819055360,0.00509,0.00218,0.04298,0.99969,0.01885,0.01520,0.00495,0.00575,0.00055,-0.00356,
1547620689919056640,0.00508,0.00218,0.04299,0.99969,0.01884,0.01520,0.00495,0.00559,0.00098,-0.00333,
1547620690019057920,0.00506,0.00214,0.04300,0.99969,0.01886,0.01520,0.00494,0.00472,0.00017,-0.00214,
1547620690119097088,0.00504,0.00214,0.04303,0.99969,0.01886,0.01522,0.00495,0.00466,0.00009,-0.00268,
1547620690219059968,0.00502,0.00216,0.04300,0.99969,0.01886,0.01523,0.00495,0.00472,0.00091,-0.00273,
1547620690319060736,0.00503,0.00211,0.04302,0.99969,0.01886,0.01524,0.00495,0.00548,-0.00021,-0.00268,
1547620690419062016,0.00506,0.00211,0.04299,0.99969,0.01887,0.01524,0.00495,0.00573,0.00007,-0.00405,
1547620690519063040,0.00503,0.00215,0.04296,0.99969,0.01887,0.01525,0.00495,0.00493,0.00104,-0.00363,
1547620690619072768,0.00506,0.00214,0.04299,0.99969,0.01887,0.01525,0.00495,0.00579,0.00008,-0.00367,
1547620690719062528,0.00501,0.00217,0.04306,0.99969,0.01888,0.01525,0.00495,0.00473,0.00095,-0.00294,
1547620690819092736,0.00498,0.00219,0.04314,0.99969,0.01888,0.01527,0.00496,0.00463,0.00022,-0.00309,
1547620690919064320,0.00497,0.00222,0.04313,0.99969,0.01889,0.01527,0.00496,0.00417,0.00039,-0.00246,
1547620691019065600,0.00494,0.00219,0.04314,0.99969,0.01887,0.01528,0.00496,0.00451,0.00062,-0.00337,
1547620691119067904,0.00491,0.00217,0.04310,0.99969,0.01889,0.01528,0.00496,0.00477,0.00122,-0.00355,
1547620691219068928,0.00490,0.00217,0.04313,0.99969,0.01890,0.01529,0.00497,0.00532,0.00062,-0.00338,
1547620691319083008,0.00490,0.00214,0.04313,0.99969,0.01889,0.01529,0.00496,0.00494,0.00035,-0.00267,
1547620691419070976,0.00490,0.00215,0.04313,0.99969,0.01889,0.01528,0.00496,0.00445,0.00083,-0.00280,
1547620691519076352,0.00489,0.00214,0.04313,0.99969,0.01891,0.01528,0.00497,0.00417,0.00047,-0.00291,
1547620691619070208,0.00490,0.00215,0.04313,0.99969,0.01891,0.01529,0.00497,0.00506,-0.00020,-0.00289,
1547620691719092224,0.00494,0.00217,0.04311,0.99969,0.01891,0.01529,0.00497,0.00475,0.00056,-0.00273,
1547620691819072512,0.00492,0.00219,0.04313,0.99969,0.01890,0.01529,0.00497,0.00410,0.00033,-0.00259,
1547620691919073536,0.00490,0.00219,0.04318,0.99969,0.01891,0.01529,0.00497,0.00440,0.00017,-0.00244,
1547620692019075072,0.00491,0.00219,0.04320,0.99969,0.01890,0.01530,0.00497,0.00400,0.00001,-0.00182,
1547620692119076096,0.00494,0.00221,0.04318,0.99969,0.01891,0.01530,0.00497,0.00332,0.00019,-0.00186,
1547620692219084032,0.00492,0.00220,0.04321,0.99969,0.01889,0.01531,0.00497,0.00305,-0.00006,-0.00145,
1547620692319077376,0.00486,0.00219,0.04326,0.99969,0.01891,0.01533,0.00497,0.00344,0.00019,-0.00178,
1547620692419078912,0.00490,0.00220,0.04322,0.99969,0.01891,0.01532,0.00497,0.00385,0.00040,-0.00269,
1547620692519080448,0.00490,0.00223,0.04325,0.99969,0.01892,0.01534,0.00496,0.00407,0.00007,-0.00176,
1547620692619081728,0.00490,0.00225,0.04325,0.99969,0.01892,0.01535,0.00496,0.00329,0.00030,-0.00250,
1547620692719083008,0.00484,0.00218,0.04329,0.99969,0.01893,0.01536,0.00497,0.00354,0.00008,-0.00154,
1547620692819095296,0.00482,0.00215,0.04331,0.99969,0.01890,0.01536,0.00498,0.00314,0.00045,-0.00187,
1547620692919087104,0.00483,0.00222,0.04335,0.99969,0.01889,0.01536,0.00497,0.00331,0.00082,-0.00112,
1547620693019118080,0.00484,0.00224,0.04335,0.99969,0.01890,0.01536,0.00497,0.00265,-0.00014,-0.00051,
1547620693119086848,0.00480,0.00223,0.04338,0.99969,0.01891,0.01536,0.00497,0.00262,-0.00008,-0.00089,
1547620693219087872,0.00483,0.00222,0.04338,0.99969,0.01889,0.01537,0.00497,0.00345,-0.00032,-0.00088,
1547620693319089664,0.00481,0.00223,0.04335,0.99969,0.01890,0.01536,0.00498,0.00168,0.00038,-0.00083,
1547620693419102976,0.00482,0.00218,0.04334,0.99969,0.01890,0.01536,0.00498,0.00238,0.00009,-0.00129,
1547620693519090688,0.00480,0.00217,0.04335,0.99969,0.01890,0.01536,0.00498,0.00226,0.00000,-0.00085,
1547620693619087872,0.00477,0.00217,0.04344,0.99969,0.01890,0.01538,0.00498,0.00219,-0.00026,-0.00049,
1547620693719096832,0.00478,0.00218,0.04341,0.99969,0.01890,0.01537,0.00498,0.00231,0.00024,-0.00085,
1547620693819106304,0.00476,0.00211,0.04332,0.99969,0.01891,0.01536,0.00499,0.00179,-0.00017,-0.00086,
1547620693919092480,0.00475,0.00209,0.04338,0.99969,0.01892,0.01537,0.00499,0.00251,-0.00033,-0.00070,
1547620694019095296,0.00474,0.00215,0.04345,0.99969,0.01892,0.01538,0.00498,0.00195,0.00045,-0.00082,
1547620694119086848,0.00473,0.00214,0.04344,0.99969,0.01891,0.01538,0.00498,0.00208,-0.00041,-0.00063,
1547620694219086848,0.00476,0.00215,0.04344,0.99969,0.01892,0.01538,0.00498,0.00228,-0.00030,-0.00066,
1547620694319086336,0.00474,0.00214,0.04344,0.99969,0.01892,0.01538,0.00498,0.00187,-0.00049,-0.00042,
1547620694419092224,0.00475,0.00212,0.04342,0.99969,0.01893,0.01538,0.00498,0.00210,0.00034,-0.00212,
1547620694519089152,0.00480,0.00213,0.04339,0.99969,0.01894,0.01538,0.00499,0.00301,-0.00017,-0.00091,
1547620694619088128,0.00477,0.00218,0.04341,0.99969,0.01894,0.01539,0.00498,0.00232,0.00042,-0.00146,
1547620694719090176,0.00478,0.00213,0.04342,0.99969,0.01894,0.01539,0.00499,0.00284,-0.00084,-0.00184,
1547620694819088128,0.00475,0.00217,0.04343,0.99969,0.01893,0.01539,0.00499,0.00162,0.00049,-0.00095,
1547620694919087872,0.00485,0.00212,0.04346,0.99969,0.01885,0.01534,0.00499,0.00262,0.00009,-0.00072,
1547620695019087104,0.00476,0.00214,0.04347,0.99969,0.01892,0.01540,0.00498,0.00190,-0.00028,-0.00078,
1547620695119136000,0.00476,0.00211,0.04345,0.99969,0.01893,0.01539,0.00499,0.00208,-0.00009,-0.00080,
1547620695219088896,0.00476,0.00213,0.04346,0.99969,0.01894,0.01539,0.00498,0.00145,0.00021,-0.00113,
1547620695319088640,0.00475,0.00215,0.04344,0.99969,0.01894,0.01538,0.00499,0.00241,-0.00001,-0.00064,
1547620695419088384,0.00470,0.00212,0.04348,0.99969,0.01894,0.01540,0.00499,0.00151,-0.00044,-0.00067,
1547620695519105536,0.00481,0.00205,0.04347,0.99969,0.01887,0.01533,0.00500,0.00248,-0.00019,-0.00224,
1547620695619088128,0.00479,0.00212,0.04343,0.99969,0.01896,0.01538,0.00499,0.00293,-0.00043,-0.00168,
1547620695719086848,0.00477,0.00215,0.04344,0.99969,0.01897,0.01538,0.00499,0.00229,0.00016,-0.00158,
1547620695819109376,0.00479,0.00215,0.04341,0.99969,0.01895,0.01538,0.00500,0.00290,0.00096,-0.00202,
1547620695919099904,0.00478,0.00213,0.04340,0.99969,0.01896,0.01538,0.00500,0.00260,-0.00022,-0.00142,
1547620696019085824,0.00476,0.00215,0.04344,0.99969,0.01896,0.01539,0.00499,0.00292,-0.00012,-0.00253,
1547620696119089408,0.00477,0.00213,0.04344,0.99969,0.01896,0.01539,0.00500,0.00303,0.00004,-0.00251,
1547620696219090432,0.00480,0.00216,0.04344,0.99969,0.01899,0.01539,0.00499,0.00274,-0.00006,-0.00083,
1547620696319092736,0.00477,0.00217,0.04346,0.99969,0.01896,0.01540,0.00499,0.00247,0.00059,-0.00135,
1547620696419093760,0.00476,0.00213,0.04346,0.99969,0.01897,0.01540,0.00499,0.00270,0.00002,-0.00183,
1547620696519103744,0.00478,0.00216,0.04345,0.99969,0.01897,0.01539,0.00499,0.00293,0.00075,-0.00189,
1547620696619093248,0.00478,0.00211,0.04343,0.99969,0.01896,0.01539,0.00500,0.00266,-0.00015,-0.00147,
1547620696719094272,0.00450,0.00199,0.04373,0.99969,0.01875,0.01556,0.00500,0.00061,-0.00007,-0.00034,
1547620696819095040,0.00449,0.00206,0.04375,0.99969,0.01874,0.01556,0.00500,0.00107,0.00040,-0.00052,
1547620696919096064,0.00452,0.00207,0.04375,0.99969,0.01875,0.01556,0.00500,0.00152,-0.00005,0.00003,
1547620697019096320,0.00460,0.00197,0.04372,0.99969,0.01867,0.01549,0.00500,0.00117,0.00006,-0.00121,
1547620697119097344,0.00450,0.00197,0.04380,0.99969,0.01870,0.01554,0.00501,0.00008,-0.00021,0.00012,
1547620697219098368,0.00455,0.00191,0.04376,0.99969,0.01865,0.01550,0.00501,0.00165,-0.00016,-0.00048,
1547620697319099392,0.00447,0.00192,0.04370,0.99969,0.01874,0.01555,0.00501,0.00066,0.00011,0.00005,
1547620697419100160,0.00454,0.00188,0.04370,0.99969,0.01867,0.01550,0.00501,0.00130,-0.00013,-0.00015,
1547620697519101440,0.00448,0.00200,0.04375,0.99969,0.01876,0.01556,0.00500,0.00082,-0.00003,0.00018,
1547620697619118336,0.00451,0.00202,0.04373,0.99969,0.01875,0.01556,0.00501,0.00077,-0.00023,0.00046,
1547620697719101952,0.00449,0.00206,0.04373,0.99969,0.01877,0.01555,0.00500,0.00103,0.00056,-0.00046,
1547620697819102208,0.00455,0.00194,0.04378,0.99969,0.01868,0.01550,0.00501,0.00105,-0.00068,0.00002,
1547620697919103232,0.00459,0.00195,0.04374,0.99969,0.01866,0.01549,0.00501,0.00108,-0.00015,-0.00125,
1547620698019150848,0.00454,0.00200,0.04376,0.99969,0.01871,0.01552,0.00501,0.00096,-0.00005,-0.00034,
1547620698119107072,0.00460,0.00194,0.04376,0.99969,0.01866,0.01550,0.00502,0.00106,-0.00048,-0.00041,
1547620698219106048,0.00459,0.00195,0.04374,0.99969,0.01866,0.01548,0.00502,0.00110,0.00031,-0.00012,
1547620698319107072,0.00454,0.00201,0.04370,0.99969,0.01877,0.01555,0.00501,0.00158,-0.00010,-0.00032,
1547620698419109120,0.00468,0.00193,0.04369,0.99969,0.01868,0.01549,0.00501,0.00187,-0.00013,-0.00014,
1547620698519107840,0.00458,0.00201,0.04373,0.99969,0.01875,0.01555,0.00500,0.00059,0.00005,-0.00051,
1547620698619107584,0.00455,0.00202,0.04374,0.99969,0.01876,0.01555,0.00500,0.00061,-0.00028,-0.00003,
1547620698719111680,0.00454,0.00204,0.04374,0.99969,0.01876,0.01555,0.00500,0.00086,0.00043,-0.00018,
1547620698819109632,0.00459,0.00194,0.04371,0.99969,0.01868,0.01549,0.00502,0.00095,0.00029,-0.00030,
1547620698919110656,0.00459,0.00194,0.04373,0.99969,0.01867,0.01548,0.00502,0.00104,0.00013,-0.00001,
1547620699019122176,0.00452,0.00202,0.04378,0.99969,0.01876,0.01555,0.00501,0.00168,-0.00034,0.00078,
1547620699119112960,0.00448,0.00202,0.04379,0.99969,0.01876,0.01556,0.00501,0.00066,0.00005,-0.00020,
1547620699219114496,0.00457,0.00195,0.04380,0.99969,0.01868,0.01550,0.00502,0.00123,0.00012,-0.00048,
1547620699319113984,0.00458,0.00195,0.04381,0.99969,0.01867,0.01550,0.00501,0.00105,-0.00042,0.00034,
1547620699419153664,0.00450,0.00203,0.04381,0.99969,0.01877,0.01557,0.00501,0.00116,-0.00001,-0.00008,
1547620699519114752,0.00454,0.00200,0.04377,0.99969,0.01876,0.01555,0.00501,0.00084,-0.00051,-0.00081,
1547620699619112960,0.00462,0.00196,0.04376,0.99969,0.01868,0.01549,0.00501,0.00120,0.00072,-0.00023,
1547620699719127808,0.00457,0.00207,0.04378,0.99969,0.01876,0.01555,0.00500,0.00161,-0.00037,0.00021,
1547620699819114240,0.00450,0.00206,0.04382,0.99969,0.01878,0.01557,0.00501,0.00065,-0.00055,0.00016,
1547620699919115264,0.00464,0.00200,0.04378,0.99969,0.01869,0.01549,0.00501,0.00144,0.00006,-0.00024,
1547620700019117056,0.00459,0.00208,0.04379,0.99969,0.01874,0.01552,0.00500,0.00117,0.00002,0.00036,
1547620700119138048,0.00455,0.00203,0.04377,0.99969,0.01877,0.01555,0.00501,0.00123,-0.00041,0.00020,
1547620700219118080,0.00449,0.00202,0.04380,0.99969,0.01878,0.01556,0.00502,0.00084,-0.00036,0.00035,
1547620700319119104,0.00460,0.00199,0.04381,0.99969,0.01870,0.01549,0.00502,0.00133,0.00011,-0.00024,
1547620700419120128,0.00457,0.00204,0.04379,0.99969,0.01874,0.01553,0.00502,0.00128,-0.00059,-0.00009,
1547620700519120384,0.00459,0.00205,0.04375,0.99969,0.01877,0.01554,0.00502,0.00130,-0.00053,0.00108,
1547620700619120128,0.00453,0.00202,0.04378,0.99969,0.01878,0.01555,0.00502,0.00033,-0.00073,0.00122,
1547620700719119616,0.00454,0.00204,0.04381,0.99969,0.01876,0.01555,0.00501,0.00102,-0.00007,-0.00019,
1547620700819136256,0.00457,0.00200,0.04384,0.99969,0.01870,0.01550,0.00501,0.00057,0.00032,0.00003,
1547620700919120384,0.00455,0.00206,0.04379,0.99969,0.01877,0.01556,0.00501,0.00182,-0.00053,0.00026,
1547620701019121408,0.00459,0.00207,0.04375,0.99969,0.01878,0.01555,0.00501,0.00144,-0.00018,-0.00015,
1547620701119122944,0.00453,0.00204,0.04384,0.99969,0.01876,0.01556,0.00501,-0.00001,-0.00067,0.00007,
1547620701219122944,0.00454,0.00198,0.04387,0.99969,0.01869,0.01550,0.00502,0.00056,0.00003,-0.00039,
1547620701319127808,0.00456,0.00195,0.04381,0.99969,0.01867,0.01549,0.00502,0.00089,0.00035,-0.00007,
1547620701419124480,0.00462,0.00195,0.04379,0.99969,0.01869,0.01548,0.00502,0.00147,0.00015,-0.00004,
1547620701519133696,0.00447,0.00203,0.04382,0.99969,0.01879,0.01555,0.00502,0.00023,-0.00027,0.00006,
1547620701619126528,0.00460,0.00193,0.04377,0.99969,0.01869,0.01548,0.00503,0.00211,-0.00010,-0.00099,
1547620701719133696,0.00449,0.00201,0.04381,0.99969,0.01878,0.01555,0.00502,0.00044,0.00028,0.00034,
1547620701819147008,0.00447,0.00196,0.04382,0.99969,0.01879,0.01555,0.00503,0.00094,-0.00044,-0.00042,
1547620701919129344,0.00451,0.00202,0.04380,0.99969,0.01878,0.01555,0.00502,0.00131,0.00021,-0.00052,
1547620702019129600,0.00446,0.00202,0.04388,0.99969,0.01879,0.01557,0.00502,0.00043,-0.00046,0.00021,
1547620702119129088,0.00449,0.00199,0.04389,0.99969,0.01870,0.01551,0.00502,0.00116,0.00075,-0.00068,
1547620702219144192,0.00446,0.00202,0.04383,0.99969,0.01878,0.01556,0.00502,0.00106,0.00017,-0.00029,
1547620702319129856,0.00447,0.00202,0.04378,0.99969,0.01878,0.01556,0.00502,0.00080,0.00012,-0.00003,
1547620702419130880,0.00447,0.00198,0.04382,0.99969,0.01874,0.01553,0.00502,0.00135,-0.00049,-0.00010,
1547620702519132416,0.00450,0.00202,0.04381,0.99969,0.01879,0.01555,0.00502,0.00131,-0.00015,-0.00051,
1547620702619129856,0.00447,0.00206,0.04382,0.99969,0.01879,0.01555,0.00502,0.00044,0.00045,-0.00002,
1547620702719130112,0.00454,0.00195,0.04382,0.99969,0.01870,0.01549,0.00502,0.00055,-0.00021,-0.00009,
1547620702819129344,0.00454,0.00208,0.04379,0.99969,0.01878,0.01554,0.00501,0.00117,0.00074,-0.00042,
1547620702919141120,0.00453,0.00207,0.04378,0.99969,0.01878,0.01553,0.00502,0.00042,-0.00020,-0.00041,
1547620703019154432,0.00458,0.00206,0.04383,0.99969,0.01870,0.01548,0.00501,0.00092,0.00029,-0.00021,
1547620703119141888,0.00455,0.00204,0.04385,0.99969,0.01868,0.01548,0.00502,0.00039,-0.00009,-0.00003,
1547620703269172480,0.00461,0.00205,0.04383,0.99969,0.01869,0.01547,0.00502,0.00157,0.00017,-0.00034,
1547620703319142400,0.00454,0.00202,0.04385,0.99969,0.01868,0.01548,0.00503,-0.00073,-0.00023,-0.00003,
1547620703419144192,0.00451,0.00214,0.04381,0.99969,0.01878,0.01554,0.00502,0.00170,0.00015,-0.00052,
1547620703519142912,0.00455,0.00213,0.04378,0.99969,0.01879,0.01553,0.00502,0.00131,-0.00045,-0.00012,
1547620703619141888,0.00451,0.00208,0.04382,0.99969,0.01878,0.01553,0.00502,0.00072,-0.00078,0.00034,
1547620703719154688,0.00448,0.00210,0.04386,0.99969,0.01879,0.01555,0.00502,0.00072,0.00001,-0.00004,
1547620703819150080,0.00458,0.00205,0.04385,0.99969,0.01871,0.01549,0.00502,0.00156,0.00034,-0.00077,
1547620703919159808,0.00448,0.00213,0.04386,0.99969,0.01878,0.01555,0.00501,0.00029,-0.00069,0.00020,
1547620704019147520,0.00453,0.00208,0.04388,0.99969,0.01870,0.01549,0.00501,0.00138,0.00062,-0.00069,
1547620704119152128,0.00457,0.00206,0.04383,0.99969,0.01869,0.01547,0.00502,0.00113,-0.00022,-0.00005,
1547620704219151616,0.00460,0.00204,0.04384,0.99969,0.01870,0.01547,0.00502,0.00155,0.00001,-0.00021,
1547620704369189632,0.00450,0.00212,0.04382,0.99969,0.01879,0.01553,0.00502,0.00140,0.00009,-0.00065,
1547620704419184896,0.00456,0.00204,0.04384,0.99969,0.01871,0.01547,0.00503,0.00196,0.00011,-0.00023,
1547620704519150848,0.00462,0.00211,0.04383,0.99969,0.01869,0.01546,0.00502,0.00127,0.00046,-0.00089,
1547620704619152640,0.00451,0.00212,0.04382,0.99969,0.01879,0.01552,0.00502,0.00086,-0.00084,-0.00031,
1547620704719151104,0.00454,0.00213,0.04380,0.99969,0.01877,0.01550,0.00503,0.00149,-0.00008,-0.00046,
1547620704819152384,0.00445,0.00209,0.04386,0.99969,0.01879,0.01554,0.00503,0.00038,-0.00061,0.00177,
1547620704969179136,0.00449,0.00213,0.04383,0.99969,0.01879,0.01553,0.00502,0.00159,0.00003,-0.00083,
1547620705019152128,0.00446,0.00212,0.04389,0.99969,0.01881,0.01554,0.00502,0.00016,-0.00101,0.00090,
1547620705119185920,0.00454,0.00209,0.04390,0.99969,0.01871,0.01549,0.00502,0.00164,-0.00004,-0.00118,
1547620705219152640,0.00459,0.00207,0.04388,0.99969,0.01870,0.01548,0.00502,0.00142,-0.00022,-0.00036,
1547620705319166208,0.00449,0.00213,0.04390,0.99969,0.01878,0.01554,0.00502,0.00078,-0.00036,0.00005,
1547620705419165952,0.00452,0.00213,0.04380,0.99969,0.01879,0.01553,0.00502,0.00082,-0.00009,-0.00049,
1547620705519164160,0.00449,0.00213,0.04382,0.99969,0.01880,0.01553,0.00501,0.00095,-0.00033,0.00020,
1547620705669187584,0.00452,0.00209,0.04380,0.99969,0.01879,0.01552,0.00502,0.00159,0.00020,-0.00107,
1547620705719164672,0.00458,0.00204,0.04382,0.99969,0.01871,0.01546,0.00502,0.00131,0.00016,-0.00051,
1547620705819183360,0.00459,0.00207,0.04381,0.99969,0.01870,0.01546,0.00502,0.00143,0.00040,-0.00030,
1547620705919164672,0.00458,0.00203,0.04381,0.99969,0.01870,0.01545,0.00503,0.00167,-0.00017,-0.00052,
1547620706019175936,0.00450,0.00208,0.04382,0.99969,0.01879,0.01552,0.00503,0.00158,-0.00053,0.00041,
1547620706119171584,0.00446,0.00209,0.04384,0.99969,0.01879,0.01552,0.00503,0.00053,0.00008,-0.00117,
1547620706219164672,0.00451,0.00209,0.04384,0.99969,0.01881,0.01553,0.00502,0.00139,-0.00009,-0.00036,
1547620706319173632,0.00453,0.00211,0.04381,0.99969,0.01880,0.01552,0.00502,0.00105,-0.00001,-0.00072,
1547620706419197440,0.00444,0.00209,0.04387,0.99969,0.01880,0.01553,0.00503,0.00029,-0.00026,0.00083,
1547620706519187200,0.00447,0.00211,0.04382,0.99969,0.01880,0.01553,0.00503,0.00119,0.00002,-0.00092,
1547620706669192960,0.00447,0.00209,0.04387,0.99969,0.01879,0.01553,0.00503,0.00163,0.00013,0.00015,
1547620706719182080,0.00450,0.00201,0.04386,0.99969,0.01870,0.01547,0.00503,-0.00015,-0.00019,-0.00012,
1547620706819184384,0.00450,0.00199,0.04386,0.99969,0.01870,0.01547,0.00504,0.00089,-0.00013,0.00007,
1547620706919180544,0.00454,0.00198,0.04381,0.99969,0.01870,0.01546,0.00504,0.00122,-0.00011,-0.00087,
1547620707019179776,0.00452,0.00210,0.04377,0.99969,0.01880,0.01551,0.00503,0.00125,0.00033,-0.00029,
1547620707119180800,0.00458,0.00204,0.04377,0.99969,0.01872,0.01545,0.00503,0.00087,-0.00004,-0.00037,
1547620707219180800,0.00455,0.00200,0.04376,0.99969,0.01871,0.01544,0.00504,0.00097,0.00003,-0.00123,
1547620707319212800,0.00457,0.00199,0.04374,0.99969,0.01870,0.01544,0.00503,0.00151,-0.00014,-0.00013,
1547620707419181824,0.00461,0.00199,0.04374,0.99969,0.01870,0.01544,0.00503,0.00093,-0.00045,-0.00062,
1547620707519182592,0.00454,0.00211,0.04370,0.99969,0.01880,0.01549,0.00503,0.00114,0.00031,0.00051,
1547620707619182080,0.00456,0.00199,0.04373,0.99969,0.01871,0.01544,0.00504,0.00073,-0.00032,-0.00013,
1547620707719174144,0.00449,0.00205,0.04379,0.99969,0.01879,0.01550,0.00504,0.00097,-0.00024,0.00042,
1547620707819173888,0.00454,0.00208,0.04371,0.99969,0.01877,0.01547,0.00504,0.00098,0.00037,-0.00098,
1547620707919174400,0.00458,0.00197,0.04371,0.99969,0.01872,0.01543,0.00504,0.00081,-0.00021,-0.00060,
1547620708019182592,0.00460,0.00193,0.04368,0.99969,0.01871,0.01542,0.00505,0.00131,-0.00000,-0.00035,
1547620708119192064,0.00457,0.00194,0.04372,0.99969,0.01871,0.01543,0.00505,0.00096,0.00002,0.00010,
1547620708219173888,0.00458,0.00196,0.04373,0.99969,0.01871,0.01543,0.00505,0.00138,0.00039,-0.00035,
1547620708319174144,0.00453,0.00203,0.04373,0.99969,0.01880,0.01550,0.00504,0.00128,-0.00066,-0.00032,
1547620708419173120,0.00457,0.00199,0.04378,0.99969,0.01872,0.01545,0.00504,0.00070,-0.00026,-0.00058,
1547620708519193088,0.00455,0.00198,0.04383,0.99969,0.01872,0.01545,0.00504,0.00093,-0.00004,0.00011,
1547620708619173632,0.00456,0.00196,0.04379,0.99969,0.01871,0.01544,0.00504,0.00125,0.00015,0.00003,
1547620708719175680,0.00460,0.00199,0.04374,0.99969,0.01871,0.01543,0.00505,0.00193,0.00019,-0.00052,
1547620708819173888,0.00453,0.00208,0.04374,0.99969,0.01881,0.01550,0.00504,0.00099,0.00024,0.00014,
1547620708919174400,0.00448,0.00207,0.04375,0.99969,0.01882,0.01550,0.00504,0.00025,-0.00050,-0.00061,
1547620709019174656,0.00449,0.00196,0.04382,0.99969,0.01872,0.01545,0.00505,0.00028,-0.00056,0.00056,
1547620709119176704,0.00451,0.00208,0.04378,0.99969,0.01879,0.01548,0.00504,0.00121,0.00038,-0.00042,
1547620709219175936,0.00454,0.00205,0.04368,0.99969,0.01878,0.01547,0.00505,0.00037,-0.00034,-0.00111,
1547620709319175680,0.00450,0.00201,0.04371,0.99969,0.01881,0.01549,0.00505,0.00060,-0.00072,0.00046,
1547620709419227136,0.00446,0.00205,0.04377,0.99969,0.01881,0.01551,0.00504,0.00088,-0.00042,-0.00041,
1547620709519177216,0.00448,0.00205,0.04374,0.99969,0.01881,0.01551,0.00504,0.00139,-0.00037,-0.00021,
1547620709619183872,0.00459,0.00200,0.04373,0.99969,0.01873,0.01544,0.00504,0.00144,-0.00024,-0.00073,
1547620709719184384,0.00451,0.00202,0.04375,0.99969,0.01881,0.01550,0.00504,0.00054,-0.00068,0.00113,
1547620709819184896,0.00459,0.00197,0.04375,0.99969,0.01873,0.01544,0.00505,0.00136,0.00025,0.00027,
1547620709919185664,0.00463,0.00196,0.04369,0.99969,0.01872,0.01542,0.00505,0.00146,0.00030,-0.00074,
1547620710019185408,0.00447,0.00200,0.04370,0.99969,0.01879,0.01549,0.00504,0.00062,0.00018,0.00034,
1547620710119198208,0.00455,0.00193,0.04369,0.99969,0.01872,0.01543,0.00505,0.00171,0.00033,-0.00089,
1547620710219199232,0.00458,0.00193,0.04370,0.99969,0.01871,0.01542,0.00505,0.00084,0.00029,0.00005,
1547620710319184640,0.00455,0.00198,0.04370,0.99969,0.01876,0.01546,0.00505,0.00070,-0.00016,-0.00022,
1547620710419183104,0.00448,0.00203,0.04376,0.99969,0.01880,0.01549,0.00505,0.00055,0.00014,0.00066,
1547620710519184128,0.00454,0.00194,0.04372,0.99969,0.01872,0.01543,0.00505,0.00110,-0.00009,-0.00008,
1547620710619188992,0.00458,0.00192,0.04371,0.99969,0.01871,0.01542,0.00505,0.00122,0.00015,0.00030,
1547620710719184896,0.00452,0.00202,0.04366,0.99969,0.01880,0.01548,0.00505,0.00116,0.00052,-0.00052,
1547620710819208960,0.00444,0.00198,0.04369,0.99969,0.01881,0.01549,0.00505,0.00044,-0.00011,0.00059,
1547620710919186176,0.00451,0.00188,0.04369,0.99969,0.01871,0.01544,0.00505,0.00103,-0.00042,-0.00015,
1547620711019186176,0.00457,0.00198,0.04367,0.99969,0.01876,0.01545,0.00505,0.00116,0.00003,-0.00095,
1547620711119199232,0.00456,0.00194,0.04371,0.99969,0.01871,0.01543,0.00505,0.00057,-0.00004,-0.00007,
1547620711219186944,0.00456,0.00188,0.04365,0.99969,0.01871,0.01542,0.00506,0.00100,0.00028,-0.00117,
1547620711319187712,0.00455,0.00188,0.04368,0.99969,0.01871,0.01542,0.00506,0.00103,-0.00024,0.00030,
1547620711419188736,0.00451,0.00201,0.04367,0.99969,0.01882,0.01548,0.00505,0.00154,0.00015,-0.00061,
1547620711519187200,0.00447,0.00205,0.04373,0.99969,0.01881,0.01549,0.00504,0.00067,-0.00008,0.00012,
1547620711619187712,0.00449,0.00199,0.04370,0.99969,0.01881,0.01548,0.00505,0.00114,-0.00048,-0.00050,
1547620711719188480,0.00458,0.00192,0.04372,0.99969,0.01872,0.01543,0.00505,0.00101,0.00005,-0.00046,
1547620711819186944,0.00463,0.00194,0.04367,0.99969,0.01871,0.01542,0.00505,0.00123,0.00039,-0.00047,
1547620711919186176,0.00452,0.00204,0.04372,0.99969,0.01883,0.01549,0.00504,0.00059,-0.00042,0.00071,
1547620712019185152,0.00457,0.00205,0.04369,0.99969,0.01878,0.01546,0.00504,0.00106,0.00054,-0.00049,
1547620712119183872,0.00456,0.00192,0.04369,0.99969,0.01873,0.01543,0.00505,0.00046,-0.00035,0.00052,
1547620712219234816,0.00451,0.00200,0.04369,0.99969,0.01882,0.01549,0.00504,0.00131,-0.00061,-0.00047,
1547620712319237632,0.00458,0.00205,0.04366,0.99969,0.01881,0.01547,0.00504,0.00137,0.00006,0.00015,
1547620712419187200,0.00456,0.00205,0.04367,0.99969,0.01881,0.01548,0.00504,0.00116,0.00012,0.00075,
1547620712519184128,0.00457,0.00203,0.04365,0.99969,0.01882,0.01547,0.00504,0.00111,-0.00009,-0.00040,
1547620712619182336,0.00456,0.00198,0.04363,0.99969,0.01877,0.01545,0.00505,0.00060,0.00020,-0.00021,
1547620712719202560,0.00463,0.00195,0.04364,0.99969,0.01873,0.01541,0.00505,0.00148,0.00032,-0.00084,
1547620712819181312,0.00462,0.00194,0.04368,0.99969,0.01871,0.01541,0.00505,0.00077,-0.00040,-0.00037,
1547620712919180032,0.00444,0.00200,0.04372,0.99969,0.01881,0.01549,0.00506,0.00007,0.00010,0.00010,
1547620713019195904,0.00461,0.00193,0.04366,0.99969,0.01873,0.01542,0.00506,0.00257,0.00009,-0.00063,
1547620713119180032,0.00450,0.00199,0.04371,0.99969,0.01880,0.01548,0.00505,-0.00007,-0.00038,0.00066,
1547620713219180544,0.00457,0.00201,0.04363,0.99969,0.01882,0.01548,0.00505,0.00188,0.00028,-0.00037,
1547620713319180288,0.00466,0.00196,0.04362,0.99969,0.01874,0.01541,0.00505,0.00137,0.00010,-0.00065,
1547620713419181568,0.00457,0.00201,0.04363,0.99969,0.01882,0.01547,0.00505,0.00101,0.00000,-0.00014,
1547620713519182080,0.00458,0.00202,0.04370,0.99969,0.01879,0.01546,0.00505,0.00071,-0.00048,0.00014,
1547620713619182080,0.00457,0.00195,0.04374,0.99969,0.01873,0.01543,0.00506,0.00055,0.00008,0.00001,
1547620713719222528,0.00460,0.00193,0.04371,0.99969,0.01873,0.01542,0.00505,0.00142,-0.00023,0.00007,
1547620713819181056,0.00466,0.00193,0.04366,0.99969,0.01872,0.01541,0.00505,0.00146,0.00026,-0.00124,
1547620713919181568,0.00466,0.00197,0.04370,0.99969,0.01872,0.01541,0.00505,0.00102,0.00036,-0.00032,
1547620714019185152,0.00468,0.00199,0.04366,0.99969,0.01872,0.01540,0.00505,0.00171,0.00007,-0.00069,
1547620714119184128,0.00457,0.00207,0.04365,0.99969,0.01882,0.01547,0.00505,0.00056,0.00024,-0.00122,
1547620714219183360,0.00457,0.00208,0.04364,0.99969,0.01882,0.01547,0.00505,0.00103,0.00030,-0.00041,
1547620714319184128,0.00454,0.00202,0.04366,0.99969,0.01883,0.01547,0.00505,0.00074,-0.00049,0.00087,
1547620714419186944,0.00464,0.00197,0.04366,0.99969,0.01874,0.01541,0.00505,0.00152,0.00029,-0.00046,
1547620714519182848,0.00465,0.00197,0.04361,0.99969,0.01872,0.01540,0.00506,0.00090,0.00021,-0.00028,
1547620714619184128,0.00452,0.00204,0.04366,0.99969,0.01882,0.01548,0.00505,0.00086,0.00015,0.00044,
1547620714719183872,0.00468,0.00197,0.04359,0.99969,0.01874,0.01541,0.00506,0.00174,0.00069,-0.00056,
1547620714819208448,0.00450,0.00194,0.04360,0.99969,0.01881,0.01547,0.00507,-0.00071,-0.00087,0.00112,
1547620714919187200,0.00456,0.00198,0.04355,0.99969,0.01882,0.01546,0.00505,0.00157,0.00023,-0.00054,
1547620715019185152,0.00458,0.00190,0.04359,0.99969,0.01873,0.01541,0.00506,0.00035,-0.00033,-0.00043,
1547620715169210624,0.00452,0.00198,0.04364,0.99969,0.01882,0.01548,0.00507,0.00204,0.00107,0.00066,
1547620715219189760,0.00452,0.00191,0.04373,0.99969,0.01879,0.01529,0.00484,0.00065,-0.01399,0.01252,
1547620715319188480,0.00434,0.00227,0.04367,0.99971,0.01845,0.01449,0.00496,-0.00171,0.02625,-0.06478,
1547620715419189760,0.00400,0.00185,0.04388,0.99972,0.01840,0.01406,0.00433,0.01376,-0.00503,-0.00081,
1547620715519189760,0.00414,0.00205,0.04356,0.99971,0.01865,0.01415,0.00487,0.01265,0.01882,-0.00640,
1547620715619187712,0.00417,0.00182,0.04329,0.99971,0.01856,0.01447,0.00515,-0.03584,-0.00109,0.00364,
1547620715719188736,0.00442,0.00286,0.04082,0.99974,0.01800,0.01324,0.00395,-0.04406,0.01398,-0.03962,
1547620715869233664,-0.00377,0.01963,0.05431,0.99989,0.00343,-0.00591,-0.01304,-0.07852,0.19682,0.24505,
1547620715919190528,-0.00661,0.02041,0.04701,0.99939,-0.01277,-0.02087,-0.02490,-0.04712,0.10144,-0.09134,
1547620716019190784,-0.01818,0.04021,0.07714,0.99759,-0.03060,-0.03501,-0.05144,-0.14091,0.23838,0.40538,
1547620716119233536,-0.03851,0.06196,0.14478,0.99664,-0.01571,-0.03006,-0.07461,-0.16903,0.19322,0.55794,
1547620716219190272,-0.06243,0.08763,0.23693,0.99560,0.01907,0.00144,-0.09174,-0.24783,0.30960,0.88159,
1547620716319189760,-0.08559,0.11568,0.35221,0.99357,0.03953,0.02767,-0.10241,-0.25241,0.31639,1.19701,
1547620716419190272,-0.10171,0.14859,0.46775,0.99148,0.06334,0.03790,-0.10736,-0.17075,0.30593,1.23703,
1547620716519203840,-0.10911,0.17475,0.56161,0.99001,0.07174,0.05998,-0.10556,-0.08786,0.25176,1.06114,
1547620716619190272,-0.10166,0.19475,0.62092,0.98882,0.07816,0.07936,-0.09917,-0.04854,0.16755,0.73510,
1547620716719191040,-0.09096,0.19861,0.63455,0.98948,0.07544,0.08208,-0.09221,0.03119,0.04402,0.26706,
1547620716869188352,-0.06840,0.20732,0.60744,0.99410,0.05460,0.05044,-0.07900,0.12593,0.05683,-0.08678,
1547620716919203328,-0.05789,0.21934,0.57506,0.99571,0.04265,0.03475,-0.07437,0.15646,0.09577,-0.16816,
1547620717019189504,-0.04125,0.23590,0.55944,0.99766,0.01433,0.00789,-0.06631,0.22083,0.10526,-0.12133,
1547620717119188992,-0.02569,0.24272,0.54707,0.99815,0.00693,-0.01203,-0.05920,0.17474,0.07725,0.01061,
1547620717219189504,-0.01682,0.24483,0.54853,0.99825,0.01303,-0.02040,-0.05395,0.16976,0.00878,0.06811,
1547620717319202304,-0.01974,0.24942,0.57400,0.99807,0.03332,-0.02075,-0.04817,0.02274,0.15134,0.46531,
1547620717419189248,-0.03275,0.25494,0.61296,0.99763,0.05407,-0.00503,-0.04236,-0.05681,0.12654,0.58247,
1547620717519181056,-0.04427,0.25896,0.65667,0.99682,0.06891,0.01952,-0.03491,-0.07124,0.01560,0.54104,
1547620717619181568,-0.04983,0.26051,0.70075,0.99621,0.06959,0.04562,-0.02521,-0.02490,-0.00431,0.46402,
1547620717719181312,-0.05216,0.25750,0.73136,0.99616,0.05283,0.06845,-0.01408,-0.00695,-0.04565,0.30770,
1547620717819181568,-0.05032,0.25117,0.74894,0.99641,0.03195,0.07826,-0.00356,0.03260,-0.08456,0.18817,
1547620717919183616,-0.04230,0.24618,0.75753,0.99729,0.02804,0.06781,0.00594,0.11834,-0.02654,0.21321,
1547620718019191552,-0.02733,0.24633,0.77281,0.99830,0.02621,0.05076,0.01136,0.17180,0.04526,0.30551,
1547620718119180800,-0.00573,0.24293,0.78706,0.99872,0.02336,0.04218,0.01529,0.22084,-0.00066,0.23561,
1547620718219179776,0.01622,0.23029,0.78699,0.99882,0.03483,0.02949,0.01684,0.24251,-0.08070,0.06704,
1547620718319179520,0.03558,0.21082,0.77409,0.99816,0.05417,0.02139,0.01700,0.22035,-0.15253,-0.01574,
1547620718419180032,0.04782,0.18610,0.74920,0.99640,0.08294,0.00624,0.01646,0.20148,-0.16613,-0.14610,
1547620718519181056,0.05463,0.16028,0.70804,0.99807,0.05878,0.01200,0.01622,0.15951,-0.30189,-0.27624,
1547620718619190784,0.05216,0.12870,0.67497,0.99828,0.05539,0.00848,0.01744,0.06824,-0.32007,-0.16821,
1547620718719215360,0.04812,0.09499,0.64548,0.99905,0.03881,0.01091,0.01648,0.01752,-0.31180,-0.06992,
1547620718819182080,0.04503,0.06126,0.63514,0.99951,0.01909,0.02017,0.01414,0.01858,-0.38321,-0.06957,
1547620718919179008,0.04323,0.02782,0.63168,0.99938,0.01397,0.03016,0.01201,0.00764,-0.25041,0.19568,
1547620719019193600,0.03919,0.00356,0.65298,0.99906,0.01729,0.03845,0.01031,0.00724,-0.19610,0.33902,
1547620719119177728,0.03659,-0.01722,0.68630,0.99868,0.02713,0.04243,0.01027,0.06052,-0.17875,0.36487,
1547620719219196928,0.03964,-0.03524,0.72312,0.99805,0.02878,0.05415,0.01177,0.09689,-0.14992,0.28681,
1547620719319180800,0.05012,-0.05295,0.74716,0.99759,0.02062,0.06476,0.01363,0.13771,-0.14675,0.17906,
1547620719419209216,0.05792,-0.07149,0.76014,0.99799,0.01995,0.05783,0.01661,0.15648,-0.14034,0.14453,
1547620719519176448,0.07065,-0.08576,0.78015,0.99843,0.03141,0.04288,0.01784,0.14699,-0.03558,0.25244,
1547620719619207168,0.08621,-0.09150,0.79357,0.99880,0.03540,0.02835,0.01830,0.16312,-0.03424,0.13199,
1547620719719176704,0.09718,-0.10080,0.80098,0.99921,0.02685,0.02281,0.01816,0.12942,-0.01703,0.15493,
1547620719819176192,0.10595,-0.11079,0.80437,0.99909,0.03039,0.02368,0.01852,0.08278,-0.02497,0.15952,
1547620719919176704,0.11468,-0.11261,0.81382,0.99826,0.05193,0.02225,0.01671,0.09468,-0.05271,-0.01771,
1547620720019175168,0.12869,-0.12590,0.79134,0.99744,0.06713,0.02021,0.01395,0.10060,-0.13461,-0.21197,
1547620720119188736,0.14056,-0.14562,0.75691,0.99777,0.06016,0.02601,0.01235,0.12268,-0.07101,-0.16697,
1547620720219173376,0.15016,-0.16114,0.74086,0.99844,0.03420,0.04223,0.01267,0.07533,-0.06630,0.02588,
1547620720319169536,0.16035,-0.17490,0.73110,0.99862,0.01921,0.04763,0.01076,0.10259,-0.07006,0.04891,
1547620720419169792,0.16834,-0.18456,0.72788,0.99910,0.02111,0.03551,0.00961,0.10479,-0.00835,0.12468,
1547620720519170304,0.17883,-0.18169,0.72481,0.99907,0.01824,0.03830,0.00762,0.09744,0.08347,0.19108,
1547620720619170304,0.18647,-0.18281,0.71155,0.99900,0.02803,0.03463,0.00486,0.07895,0.02716,0.07670,
1547620720719181824,0.19286,-0.18770,0.71211,0.99838,0.04805,0.03038,0.00325,0.07644,-0.00444,0.05486,
1547620720819173888,0.19690,-0.19444,0.70976,0.99767,0.06381,0.02414,0.00173,0.04941,-0.02870,0.01814,
1547620720919167488,0.20137,-0.20838,0.67856,0.99816,0.05140,0.03221,0.00267,0.04004,-0.13853,-0.11463,
1547620721019173376,0.20838,-0.22883,0.64584,0.99801,0.05436,0.03192,0.00288,0.05075,-0.18407,-0.17504,
1547620721119180288,0.21340,-0.24484,0.62666,0.99779,0.06087,0.02635,0.00300,0.04728,-0.13330,-0.08367,
1547620721219169536,0.21299,-0.25589,0.62698,0.99808,0.05726,0.02325,0.00297,0.00656,-0.12629,0.07437,
1547620721319169024,0.21068,-0.27425,0.63354,0.99872,0.04788,0.01601,0.00144,-0.01990,-0.20437,0.10659,
1547620721419166976,0.20864,-0.29657,0.63208,0.99938,0.03042,0.01755,0.00155,-0.02127,-0.28894,0.02900,
1547620721519166976,0.20514,-0.31550,0.63584,0.99944,0.01392,0.03049,0.00241,-0.03039,-0.16503,0.14857,
1547620721619201024,0.20008,-0.32846,0.64879,0.99907,0.01302,0.04097,0.00344,-0.04662,-0.13786,0.12954,
1547620721719169024,0.19639,-0.33261,0.66401,0.99814,-0.00124,0.06079,0.00484,-0.01125,-0.05361,0.08687,
1547620721819168000,0.19443,-0.33909,0.67293,0.99771,-0.00258,0.06703,0.00867,0.00364,-0.03730,0.04215,
1547620721919168768,0.19721,-0.33068,0.68660,0.99824,0.00517,0.05808,0.01103,0.06160,0.00454,0.02670,
1547620722019167744,0.20568,-0.32495,0.69708,0.99884,0.01374,0.04439,0.01254,0.07776,0.05087,0.10572,
1547620722119174912,0.21285,-0.31380,0.71273,0.99892,0.03767,0.02405,0.01246,0.04220,0.04901,0.16492,
1547620722219168512,0.21739,-0.29493,0.73691,0.99876,0.04305,0.02081,0.01353,0.04091,0.11522,0.24005,
1547620722369164032,0.22838,-0.26811,0.77088,0.99875,0.03269,0.03559,0.01247,0.05668,0.10313,0.12548,
1547620722419163904,0.23654,-0.25669,0.76112,0.99871,0.02899,0.03956,0.01312,0.07718,0.13816,0.04037,
1547620722519165696,0.24907,-0.23267,0.75256,0.99857,0.03313,0.04022,0.01194,0.10363,0.13359,-0.13193,
1547620722619171584,0.25922,-0.21894,0.72800,0.99869,0.03435,0.03618,0.01116,0.10382,0.10821,-0.29313,
1547620722719168512,0.27132,-0.20548,0.68972,0.99884,0.03908,0.02693,0.00829,0.10496,0.07906,-0.38029,
1547620722819187712,0.28096,-0.19797,0.66465,0.99885,0.04167,0.02218,0.00812,0.12675,-0.00692,-0.48110,
1547620722919168768,0.29594,-0.18667,0.62660,0.99887,0.04512,0.01379,0.00511,0.10661,0.01440,-0.37315,
1547620723019175936,0.30599,-0.18440,0.59780,0.99865,0.05187,0.00011,0.00193,0.09112,-0.04941,-0.28923,
1547620723119183104,0.31360,-0.18686,0.58192,0.99828,0.05815,-0.00751,-0.00085,0.07919,-0.10432,-0.20281,
1547620723219184640,0.32175,-0.18349,0.58660,0.99840,0.05611,-0.00566,-0.00297,0.05662,-0.12164,-0.15885,
1547620723319166464,0.31955,-0.18843,0.58247,0.99864,0.05204,-0.00226,0.00121,-0.01819,-0.02951,0.04077,
1547620723419166208,0.31319,-0.18290,0.59845,0.99899,0.04482,-0.00046,0.00259,-0.09369,0.03836,0.20958,
1547620723519167488,0.30300,-0.17824,0.61463,0.99869,0.05080,0.00400,0.00464,-0.11923,0.02334,0.16809,
1547620723619169024,0.29051,-0.15546,0.67322,0.99855,0.05312,0.00746,0.00517,-0.17047,0.06925,0.26555,
1547620723719210752,0.27381,-0.14350,0.71048,0.99836,0.05470,0.01514,0.00754,-0.19550,0.06101,0.20131,
1547620723869186048,0.24383,-0.10061,0.78887,0.99754,0.06164,0.03212,0.00915,-0.17844,0.21642,0.31046,
1547620723919170048,0.23453,-0.09483,0.80498,0.99734,0.06170,0.03760,0.00968,-0.17483,0.21494,0.34248,
1547620724069181952,0.21384,-0.05858,0.84711,0.99542,0.08626,0.04033,0.00851,-0.12046,0.15869,0.02806,
1547620724119171840,0.20580,-0.05479,0.84651,0.99476,0.09436,0.03844,0.00885,-0.12843,0.12219,-0.10572,
1547620724219173376,0.20822,-0.05436,0.83416,0.99387,0.10657,0.02843,0.00732,-0.12083,-0.00464,-0.29673,
1547620724319173632,0.21385,-0.06751,0.80773,0.99419,0.10474,0.02444,0.00435,-0.07846,-0.08316,-0.37288,
1547620724419199232,0.20996,-0.08828,0.76314,0.99551,0.09154,0.02395,0.00101,-0.08636,-0.26349,-0.45022,
1547620724519171584,0.19985,-0.12729,0.72389,0.99639,0.08241,0.02019,-0.00273,-0.12747,-0.29820,-0.22801,
1547620724619170304,0.19305,-0.18394,0.70235,0.99819,0.05329,0.02750,-0.00430,-0.10192,-0.41238,-0.21600,
1547620724719168000,0.18289,-0.23959,0.68237,0.99907,0.03532,0.02412,-0.00458,-0.14015,-0.40250,-0.00011,
1547620724819166464,0.17214,-0.28999,0.65922,0.99937,0.01961,0.02907,-0.00457,-0.09270,-0.42347,-0.04257,
1547620724919184128,0.16589,-0.34576,0.62792,0.99867,0.00491,0.05109,-0.00415,-0.04834,-0.37735,0.00274,
1547620725019179264,0.16460,-0.38481,0.59651,0.99737,-0.00869,0.07188,-0.00124,0.00063,-0.28977,-0.00889,
1547620725119178240,0.16914,-0.41246,0.56312,0.99689,-0.01776,0.07671,-0.00115,0.11118,-0.18090,-0.09084,
1547620725269162496,0.19140,-0.43426,0.53515,0.99841,0.01246,0.05487,-0.00174,0.19186,-0.15954,-0.08651,
1547620725319175168,0.19620,-0.44391,0.52239,0.99872,0.03141,0.03969,-0.00215,0.20625,-0.14739,-0.07245,
1547620725419164928,0.20772,-0.45916,0.49996,0.99876,0.04440,0.02200,-0.00438,0.21758,-0.15656,-0.06320,
1547620725519164672,0.21931,-0.47284,0.47613,0.99907,0.03948,0.01670,-0.00462,0.18574,-0.14979,-0.01239,
1547620725619168512,0.22343,-0.48170,0.46402,0.99933,0.03496,0.00928,-0.00464,0.15607,-0.11689,0.09391,
1547620725719169536,0.22882,-0.48734,0.48204,0.99951,0.02871,0.01207,-0.00350,0.07266,-0.05452,0.32093,
1547620725819183360,0.22006,-0.49796,0.50445,0.99949,0.01662,0.02724,-0.00226,0.01147,-0.04745,0.36566,
1547620725919166208,0.22050,-0.50912,0.53508,0.99911,0.02032,0.03694,0.00056,0.03019,0.00728,0.41139,
1547620726019166976,0.21830,-0.50902,0.57773,0.99865,0.01421,0.04989,0.00278,0.05809,0.04892,0.36119,
1547620726119164672,0.21954,-0.50952,0.60608,0.99873,0.01351,0.04809,0.00648,0.07873,0.05125,0.27284,
1547620726219161856,0.22606,-0.50700,0.63288,0.99890,0.02274,0.04026,0.00805,0.09796,0.09116,0.27106,
1547620726319165440,0.23492,-0.49924,0.65813,0.99905,0.02708,0.03304,0.00868,0.10657,0.12096,0.19292,
1547620726419165952,0.24687,-0.49580,0.67614,0.99926,0.02467,0.02765,0.01060,0.12442,0.09957,0.05269,
1547620726519165440,0.25744,-0.49215,0.69031,0.99938,0.01860,0.02755,0.01141,0.11443,0.09456,0.07230,
1547620726619193088,0.26515,-0.48777,0.69599,0.99933,0.02788,0.02057,0.01149,0.09381,0.03973,0.04270,
1547620726719163904,0.27169,-0.48335,0.69125,0.99941,0.02618,0.01891,0.01188,0.09710,0.07414,-0.07819,
1547620726819164160,0.27659,-0.47274,0.67897,0.99961,0.01291,0.02121,0.01242,0.07436,0.09548,-0.12560,
1547620726919163904,0.28266,-0.46173,0.65789,0.99971,0.00175,0.02054,0.01204,0.06025,0.14396,-0.13077,
1547620727019166976,0.28710,-0.44350,0.64052,0.99979,0.00133,0.01744,0.01020,0.05891,0.19073,-0.19194,
1547620727119164672,0.28886,-0.41586,0.63062,0.99946,0.02986,0.01008,0.00950,-0.00212,0.36580,0.00231,
1547620727219164928,0.28929,-0.38196,0.63781,0.99855,0.05111,0.01608,0.00534,-0.02389,0.38331,0.09856,
1547620727319184384,0.28584,-0.34755,0.63828,0.99638,0.08384,0.01373,0.00120,-0.04090,0.39981,0.17000,
1547620727419181056,0.27905,-0.31421,0.64434,0.99560,0.09211,0.01680,-0.00267,-0.05599,0.29019,0.09926,
1547620727519166208,0.27219,-0.29585,0.64621,0.99555,0.09119,0.02340,-0.00501,-0.03420,0.20440,-0.02712,
1547620727619166720,0.26383,-0.28315,0.63764,0.99684,0.07411,0.02800,-0.00645,-0.06123,0.11889,-0.08989,
1547620727719166464,0.25544,-0.28700,0.61945,0.99786,0.05861,0.02857,-0.00508,-0.05282,0.04968,-0.16605,
1547620727819166464,0.24579,-0.29930,0.58984,0.99827,0.05121,0.02863,-0.00374,-0.08060,0.03093,-0.07392,
1547620727919169280,0.23156,-0.31818,0.56358,0.99825,0.05201,0.02787,-0.00381,-0.08822,-0.01538,-0.01615,
1547620728019168000,0.22164,-0.32060,0.55786,0.99835,0.05122,0.02543,-0.00604,-0.06051,-0.02640,-0.10172,
1547620728119168768,0.21352,-0.32773,0.54456,0.99862,0.02938,0.04317,-0.00627,-0.04064,-0.00184,-0.05254,
1547620728219168256,0.19732,-0.34949,0.52211,0.99848,0.00849,0.05442,-0.00272,-0.01261,0.01990,-0.00661,
1547620728319169024,0.18936,-0.37662,0.50831,0.99891,0.01664,0.04351,-0.00097,0.01607,0.01591,0.03559,
1547620728419182336,0.18771,-0.39798,0.50270,0.99915,0.02640,0.03180,0.00018,0.04500,0.00542,0.05639,
1547620728519169024,0.18659,-0.41694,0.50501,0.99831,0.05395,0.02139,0.00085,0.01190,-0.03316,0.07664,
1547620728619172096,0.18125,-0.42905,0.52639,0.99725,0.07227,0.01663,0.00037,0.01441,-0.03758,0.12617,
1547620728719209728,0.17761,-0.43266,0.55013,0.99848,0.04004,0.03791,0.00053,-0.00218,-0.07100,0.19389,
1547620728819167232,0.17220,-0.43629,0.58399,0.99877,0.02641,0.04171,0.00410,-0.03917,0.01487,0.40864,
1547620728919166208,0.17330,-0.43477,0.62014,0.99875,0.01169,0.04832,0.00513,0.05072,0.05797,0.30729,
1547620729019165184,0.18097,-0.43260,0.64642,0.99861,0.00436,0.05203,0.00714,0.07632,0.05470,0.22855,
1547620729119198208,0.19146,-0.43341,0.66135,0.99873,0.00696,0.04915,0.00901,0.10609,0.06538,0.08022,
1547620729219171328,0.20278,-0.42514,0.66670,0.99892,0.02115,0.03999,0.01069,0.11724,0.08733,-0.04014,
1547620729319164672,0.21549,-0.41834,0.66109,0.99897,0.03327,0.02829,0.01211,0.13123,0.12395,-0.07860,
1547620729419174400,0.22789,-0.40905,0.65325,0.99896,0.03868,0.02146,0.01130,0.11674,0.10747,-0.13401,
1547620729519178496,0.23995,-0.40287,0.63467,0.99882,0.04382,0.01854,0.01000,0.11508,-0.00217,-0.23657,
1547620729619164160,0.25094,-0.39901,0.60815,0.99904,0.03961,0.01696,0.00739,0.11109,0.00420,-0.32958,
1547620729719164928,0.25871,-0.38931,0.59019,0.99945,0.02425,0.02159,0.00700,0.04811,0.06502,-0.11113,
1547620729819165696,0.26263,-0.37514,0.58616,0.99936,0.03430,0.00908,0.00477,0.01930,0.12364,0.00861,
1547620729919162624,0.26466,-0.35266,0.59333,0.99922,0.03900,0.00592,0.00105,-0.01678,0.27025,0.24482,
1547620730019171840,0.26167,-0.33383,0.60953,0.99901,0.04239,0.01368,-0.00135,-0.03896,0.18594,0.15328,
1547620730119169024,0.26112,-0.31591,0.61119,0.99864,0.04458,0.02697,-0.00101,-0.01582,0.18895,0.03987,
1547620730219162880,0.25987,-0.29824,0.61439,0.99792,0.05590,0.03214,-0.00072,-0.01588,0.18498,-0.00268,
1547620730319163904,0.26074,-0.28634,0.60108,0.99768,0.06215,0.02768,-0.00105,-0.01367,0.14605,-0.05479,
1547620730419164672,0.25832,-0.27744,0.59286,0.99778,0.06264,0.02275,-0.00099,-0.03023,0.07988,-0.11666,
1547620730519167232,0.25048,-0.27731,0.58648,0.99811,0.05890,0.01776,-0.00040,-0.05198,0.05976,-0.02960,
1547620730619165184,0.24162,-0.27632,0.58873,0.99843,0.05511,0.01031,-0.00080,-0.10225,0.03608,0.05477,
1547620730719168256,0.23036,-0.28413,0.59067,0.99919,0.03632,0.01715,-0.00143,-0.11137,-0.06596,-0.00412,
1547620730819168768,0.21909,-0.29823,0.59238,0.99921,0.03306,0.02199,0.00077,-0.12646,-0.14977,-0.00063,
1547620730919172608,0.20845,-0.30946,0.59288,0.99819,0.05817,0.01475,0.00283,-0.11678,-0.16386,-0.06507,
1547620731019169024,0.19699,-0.31677,0.59021,0.99769,0.06611,0.01499,0.00359,-0.11506,-0.12751,-0.10044,
1547620731119170816,0.18319,-0.31658,0.59045,0.99828,0.04838,0.03279,0.00499,-0.14054,-0.11149,-0.06725,
1547620731219187968,0.17095,-0.32715,0.57917,0.99845,0.03135,0.04515,0.00829,-0.08741,-0.08371,-0.14131,
1547620731319171840,0.16151,-0.32130,0.57336,0.99857,0.01222,0.05136,0.00853,-0.05062,-0.00650,-0.11594,
1547620731419170560,0.15622,-0.31608,0.57208,0.99867,-0.00229,0.05088,0.00810,-0.01259,0.04739,-0.06142,
1547620731519171072,0.15634,-0.30782,0.58225,0.99934,0.01638,0.03170,0.00680,0.02085,0.06483,-0.04889,
1547620731619211520,0.15972,-0.29573,0.58432,0.99847,0.05398,0.01048,0.00553,0.03538,0.21555,0.05703,
1547620731719169024,0.16042,-0.27556,0.60132,0.99665,0.08174,-0.00028,0.00171,-0.00332,0.12738,0.03453,
1547620731819168000,0.16056,-0.27129,0.60917,0.99566,0.09292,0.00545,-0.00257,0.01951,-0.01834,-0.11631,
1547620731919168000,0.16156,-0.27301,0.61563,0.99658,0.07772,0.02794,-0.00085,0.02037,-0.07359,-0.09414,
1547620732019168000,0.16275,-0.28033,0.62785,0.99772,0.05409,0.04029,0.00139,0.03134,-0.10120,-0.04264,
1547620732119216384,0.15856,-0.29562,0.64000,0.99839,0.03374,0.04555,0.00319,0.02710,-0.09785,0.03282,
1547620732219168768,0.15863,-0.30858,0.65626,0.99897,0.02286,0.03883,0.00461,0.04229,-0.04895,0.09334,
1547620732319185920,0.16126,-0.31136,0.67465,0.99939,0.01334,0.03182,0.00552,0.05925,0.04793,0.16705,
1547620732419180032,0.16582,-0.30663,0.69334,0.99946,0.01961,0.02599,0.00541,0.04089,0.08105,0.19369,
1547620732519169536,0.17211,-0.30146,0.69879,0.99920,0.02647,0.02974,0.00392,0.06069,0.09175,0.03802,
1547620732669178112,0.18015,-0.28357,0.69672,0.99882,0.02830,0.03918,0.00546,0.04070,0.14034,-0.02333,
1547620732719166976,0.18023,-0.27872,0.68302,0.99850,0.03520,0.04144,0.00612,0.05062,0.12156,-0.13357,
1547620732819167232,0.18577,-0.27742,0.64726,0.99846,0.04109,0.03681,0.00618,0.06756,0.04863,-0.28082,
1547620732919169280,0.19135,-0.27053,0.61642,0.99835,0.04721,0.03228,0.00506,0.04546,0.08295,-0.15970,
1547620733019181312,0.19867,-0.26872,0.58347,0.99811,0.05845,0.01867,0.00266,0.05470,0.12454,-0.10234,
1547620733119170816,0.20255,-0.25574,0.58486,0.99873,0.04144,0.02850,0.00071,0.03708,0.10939,0.05121,
1547620733219171584,0.20721,-0.25570,0.57075,0.99847,0.04768,0.02802,0.00135,0.06271,0.06973,0.02253,
1547620733319185152,0.21378,-0.25253,0.55067,0.99856,0.04154,0.03381,-0.00021,0.09687,0.06937,-0.01758,
1547620733419173120,0.22187,-0.24313,0.54455,0.99839,0.03838,0.04187,-0.00048,0.10037,0.06077,0.01413,
1547620733519172608,0.22639,-0.23443,0.52162,0.99812,0.05449,0.02793,-0.00130,0.08661,0.07239,0.05821,
1547620733669178368,0.23303,-0.22024,0.50797,0.99758,0.06868,0.01089,-0.00188,0.02362,0.05047,0.15770,
1547620733719174656,0.22945,-0.21804,0.49016,0.99673,0.08075,-0.00201,-0.00127,-0.04325,0.13291,0.27322,
1547620733819184640,0.22252,-0.20235,0.50112,0.99720,0.07476,-0.00176,-0.00238,-0.06748,0.16812,0.28545,
1547620733919182848,0.21362,-0.18806,0.51224,0.99817,0.05828,0.01620,-0.00255,-0.09222,0.11755,0.25378,
1547620734019171584,0.20357,-0.17943,0.52987,0.99805,0.05069,0.03626,-0.00175,-0.10634,0.07117,0.23454,
1547620734119173376,0.19265,-0.17140,0.53844,0.99730,0.05614,0.04722,-0.00140,-0.09317,0.11568,0.35078,
1547620734219171584,0.18402,-0.16694,0.54393,0.99668,0.06367,0.05064,-0.00144,-0.07123,0.09571,0.38060,
1547620734319171840,0.18014,-0.17087,0.54503,0.99677,0.05669,0.05694,-0.00115,-0.01317,0.02780,0.26705,
1547620734419206912,0.17894,-0.17233,0.56962,0.99716,0.05318,0.05332,0.00124,-0.00091,0.01061,0.29608,
1547620734519174400,0.18323,-0.17007,0.58798,0.99750,0.05554,0.04358,0.00144,0.04993,-0.00197,0.18332,
1547620734619173888,0.18865,-0.16939,0.59776,0.99815,0.05058,0.03375,-0.00001,0.07273,0.00411,0.11528,
1547620734719172352,0.19264,-0.16405,0.62382,0.99881,0.03626,0.03252,-0.00084,0.05136,0.04252,0.23262,
1547620734819175936,0.19574,-0.18590,0.58971,0.99868,0.03366,0.03889,-0.00112,0.08875,-0.01808,0.11997,
1547620734919174656,0.20011,-0.19507,0.57197,0.99794,0.05492,0.03328,-0.00132,0.10358,-0.01522,0.01560,
1547620735019172352,0.17700,-0.23033,0.49069,0.99739,0.06596,0.02945,-0.00017,0.06419,-0.08791,-0.10901,
1547620735119172096,0.15382,-0.27384,0.39647,0.99760,0.06531,0.02257,0.00338,-0.00762,-0.17284,-0.26824,
1547620735269181696,0.14149,-0.31471,0.33955,0.99905,0.03688,0.02309,0.00212,-0.06644,-0.20286,-0.12187,
1547620735369196544,0.12985,-0.33769,0.30619,0.99922,0.01975,0.03423,0.00098,-0.06249,-0.21713,-0.01620,
1547620735419172864,0.12063,-0.35573,0.26472,0.99901,0.01857,0.04047,0.00138,-0.11453,-0.12725,0.20288,
1547620735519165952,0.11445,-0.37623,0.26084,0.99831,0.02185,0.05386,-0.00034,-0.07622,-0.11702,0.41620,
1547620735619166976,0.11339,-0.38179,0.30209,0.99775,0.03487,0.05716,-0.00170,-0.03145,-0.02000,0.66213,
1547620735719165440,0.11850,-0.37883,0.35672,0.99757,0.03866,0.05798,0.00041,0.05028,0.05626,0.64084,
1547620735819197952,0.12731,-0.37432,0.40881,0.99769,0.03508,0.05810,0.00352,0.09954,0.06199,0.58124,
1547620735919199744,0.13986,-0.37017,0.46591,0.99821,0.03377,0.04892,0.00667,0.13218,0.09406,0.57877,
1547620736019182080,0.15497,-0.35829,0.51138,0.99897,0.02858,0.03416,0.00879,0.15558,0.13988,0.49061,
1547620736119179520,0.16934,-0.34506,0.56401,0.99939,0.02814,0.01784,0.01017,0.14414,0.12405,0.40690,
1547620736219169024,0.18434,-0.33333,0.60027,0.99929,0.03534,0.00612,0.01149,0.15019,0.14581,0.22535,
1547620736319169792,0.19730,-0.32142,0.61800,0.99935,0.03314,0.00381,0.01375,0.09158,0.14530,0.15907,
1547620736419170560,0.20206,-0.31036,0.62347,0.99915,0.03776,0.00766,0.01480,0.04124,0.12814,0.03705,
1547620736519171328,0.20173,-0.29776,0.62009,0.99844,0.05179,0.01509,0.01427,-0.01768,0.12136,-0.01926,
1547620736619190016,0.19796,-0.28269,0.61432,0.99784,0.06204,0.01623,0.01409,-0.06266,0.15015,-0.04620,
1547620736719162880,0.18996,-0.27084,0.60108,0.99810,0.05841,0.01606,0.01170,-0.09354,0.10497,-0.07316,
1547620736819164160,0.18089,-0.26115,0.58774,0.99837,0.05296,0.01914,0.00954,-0.12021,0.12431,-0.00507,
1547620736919163904,0.17027,-0.25555,0.57393,0.99823,0.05508,0.02152,0.00597,-0.09809,0.05925,-0.12854,
1547620737019163392,0.16317,-0.25247,0.54988,0.99840,0.04616,0.03253,0.00396,-0.06894,-0.04632,-0.30111,
1547620737119165696,0.15853,-0.25071,0.52136,0.99821,0.04960,0.03340,0.00146,-0.01797,-0.06105,-0.34450,
1547620737219162624,0.15675,-0.25832,0.48818,0.99826,0.04913,0.03263,-0.00193,0.01579,-0.12645,-0.39730,
1547620737319212032,0.15638,-0.26237,0.46982,0.99855,0.03773,0.03830,-0.00123,0.03039,-0.12120,-0.26964,
1547620737419165184,0.14785,-0.25999,0.47798,0.99823,0.05506,0.02270,-0.00032,-0.02167,-0.02759,0.04577,
1547620737519181824,0.14045,-0.25635,0.50604,0.99787,0.06472,0.00631,-0.00476,-0.02481,-0.10535,0.07617,
1547620737619165952,0.13231,-0.25509,0.53150,0.99818,0.05994,0.00292,-0.00593,-0.02594,-0.12324,-0.00883,
1547620737719167232,0.12317,-0.25846,0.55612,0.99865,0.05050,0.01106,-0.00409,-0.04634,-0.11821,0.02541,
1547620737819196416,0.11716,-0.26126,0.58451,0.99883,0.03374,0.03466,-0.00067,-0.05123,-0.07350,0.09972,
1547620737919183360,0.11118,-0.26728,0.60177,0.99841,0.03039,0.04724,0.00417,-0.04423,-0.07548,0.06454,
1547620738019212288,0.10667,-0.26547,0.62797,0.99823,0.03574,0.04665,0.00948,-0.01375,-0.00935,0.06353,
1547620738119169280,0.10444,-0.25764,0.64888,0.99844,0.03258,0.04385,0.01176,0.00110,0.01308,-0.01563,
1547620738219170560,0.10791,-0.25410,0.64585,0.99870,0.03325,0.03608,0.01387,0.00966,0.04284,-0.04405,
1547620738319172096,0.11105,-0.24103,0.65696,0.99898,0.03080,0.03037,0.01293,0.03239,0.07489,-0.05223,
1547620738419170048,0.11490,-0.23788,0.64683,0.99911,0.03129,0.02498,0.01310,0.01835,0.02876,-0.10464,
1547620738519169280,0.12795,-0.22329,0.64464,0.99865,0.04501,0.02358,0.01122,0.06360,0.05215,-0.17612,
1547620738619168000,0.13547,-0.21938,0.62565,0.99830,0.04739,0.03257,0.00956,0.07593,-0.01209,-0.24208,
1547620738719183616,0.14203,-0.21552,0.60400,0.99730,0.06756,0.02758,0.00804,0.06471,0.01154,-0.17369,
1547620738819169536,0.15103,-0.20256,0.58135,0.99732,0.06561,0.03190,0.00607,0.07735,0.07003,-0.07946,
1547620738919169536,0.16073,-0.19023,0.56394,0.99792,0.05675,0.03047,0.00306,0.08126,0.02436,-0.10783,
1547620739019170304,0.17008,-0.18433,0.54055,0.99866,0.04576,0.02399,0.00117,0.06245,0.08029,-0.03700,
1547620739119171072,0.17632,-0.17665,0.53512,0.99890,0.04360,0.01707,0.00032,0.08021,0.08594,-0.02912,
1547620739219172096,0.18111,-0.17141,0.52053,0.99879,0.04722,0.01363,-0.00059,0.01297,0.04783,0.05973,
1547620739319173632,0.18032,-0.16848,0.52952,0.99708,0.07622,0.00278,-0.00321,-0.03918,0.01447,0.16355,
1547620739419196672,0.17565,-0.17220,0.52908,0.99579,0.09102,0.00955,-0.00420,-0.01195,-0.05439,0.01945,
1547620739519173376,0.17199,-0.18731,0.50102,0.99618,0.08298,0.02702,-0.00308,-0.04481,-0.15119,-0.09386,
1547620739619175424,0.17189,-0.20579,0.46303,0.99687,0.06596,0.04368,0.00069,-0.03591,-0.23436,-0.18674,
1547620739719183360,0.17116,-0.23132,0.42600,0.99785,0.04904,0.04349,0.00272,-0.03967,-0.29400,-0.15607,
1547620739819183872,0.17258,-0.25420,0.39740,0.99856,0.03188,0.04304,0.00377,0.03537,-0.24511,-0.16080,
1547620739919172352,0.17716,-0.27273,0.39081,0.99876,0.00128,0.04938,0.00583,0.05655,-0.18226,0.01067,
1547620740019184640,0.18545,-0.28325,0.39445,0.99916,0.00617,0.04016,0.00523,0.09850,-0.13513,0.14768,
1547620740119212032,0.19670,-0.28939,0.41918,0.99943,0.02065,0.02664,0.00253,0.09847,-0.11072,0.30758,
1547620740219174400,0.20512,-0.29188,0.46394,0.99912,0.04037,0.01097,0.00175,0.07593,-0.02289,0.47010,
1547620740319174400,0.21483,-0.28009,0.51777,0.99894,0.04312,0.01637,0.00117,0.07540,0.06617,0.51661,
1547620740419174656,0.22591,-0.26880,0.55856,0.99899,0.03483,0.02824,0.00272,0.11181,0.09266,0.36575,
1547620740519173376,0.23613,-0.25809,0.59465,0.99881,0.03897,0.02802,0.00812,0.11622,0.17114,0.39360,
1547620740619173376,0.24990,-0.23480,0.62765,0.99896,0.03917,0.02094,0.01052,0.10183,0.24864,0.36859,
1547620740719174400,0.25835,-0.21429,0.65071,0.99888,0.04463,0.01123,0.01066,0.08131,0.19974,0.15073,
1547620740819174144,0.26759,-0.19063,0.65388,0.99851,0.05329,0.00580,0.00995,0.07285,0.23529,0.04326,
1547620740919192064,0.27332,-0.16744,0.64529,0.99777,0.06583,-0.00353,0.01001,0.02827,0.26894,-0.04739,
1547620741019174912,0.27029,-0.14763,0.62679,0.99764,0.06815,-0.00432,0.00668,-0.00866,0.22569,-0.22209,
1547620741119174912,0.26207,-0.12818,0.60306,0.99813,0.06094,-0.00120,0.00424,-0.10098,0.22511,-0.07788,
1547620741219174912,0.23959,-0.11953,0.57573,0.99824,0.05858,0.00960,0.00108,-0.16668,0.14826,-0.12806,
1547620741319175680,0.21554,-0.11405,0.55156,0.99743,0.07107,0.00831,-0.00261,-0.22101,0.06185,-0.13947,
1547620741419173632,0.18657,-0.13183,0.50888,0.99729,0.07252,0.01159,-0.00370,-0.22615,-0.17275,-0.36233,
1547620741519173888,0.16173,-0.16543,0.46106,0.99700,0.07474,0.01997,-0.00373,-0.24282,-0.24594,-0.32916,
1547620741619188736,0.13962,-0.17948,0.44212,0.99716,0.05800,0.04788,-0.00281,-0.20279,-0.26258,-0.25289,
1547620741719195648,0.11090,-0.20204,0.42750,0.99725,0.03353,0.06601,0.00177,-0.18398,-0.14694,0.06150,
1547620741819173632,0.09342,-0.22230,0.42883,0.99682,0.00690,0.07931,0.00402,-0.09427,-0.18422,0.16247,
1547620741919173120,0.08722,-0.23101,0.45342,0.99741,0.01543,0.07010,0.00476,-0.02327,-0.11607,0.30462,
1547620742019219712,0.08862,-0.23680,0.47999,0.99840,0.03797,0.04184,0.00373,0.03066,-0.12225,0.21511,
1547620742119198208,0.09653,-0.24273,0.48803,0.99780,0.06183,0.02340,0.00443,0.09782,-0.08121,0.07851,
1547620742219172352,0.10714,-0.24081,0.50194,0.99819,0.05611,0.02026,0.00775,0.09860,-0.01514,0.15931,
1547620742319233536,0.11770,-0.22723,0.52810,0.99885,0.03876,0.02692,0.00884,0.07407,-0.02288,0.11268,
1547620742469177600,0.12782,-0.21725,0.57158,0.99874,0.04235,0.02481,0.01038,0.03856,0.15703,0.37049,
1547620742569169152,0.13886,-0.18924,0.61479,0.99890,0.03319,0.03196,0.00852,0.05430,0.14492,0.28634,
1547620742619169024,0.14451,-0.18669,0.62533,0.99874,0.03853,0.03075,0.00889,0.07865,0.14602,0.18969,
1547620742719166720,0.15361,-0.17613,0.64210,0.99854,0.04652,0.02548,0.01005,0.06534,0.10705,0.07899,
1547620742819166208,0.17537,-0.15964,0.64389,0.99757,0.06526,0.02186,0.01041,0.09011,0.10712,0.02311,
1547620742919169024,0.19247,-0.15006,0.63194,0.99695,0.07659,0.01195,0.00946,0.06891,0.08917,-0.09252,
1547620743019199488,0.20237,-0.14190,0.61294,0.99700,0.07630,0.01014,0.00784,0.06316,0.08805,-0.14420,
1547620743119167744,0.20681,-0.13947,0.59523,0.99792,0.06294,0.01312,0.00544,-0.00088,0.01863,-0.13458,
1547620743219167744,0.20186,-0.13909,0.58546,0.99835,0.05686,0.00807,0.00257,-0.09147,0.08748,0.10232,
1547620743319169536,0.19239,-0.13108,0.59169,0.99870,0.04958,0.01148,-0.00141,-0.12942,0.13233,0.23594,
1547620743419181312,0.18136,-0.13135,0.60129,0.99827,0.05556,0.01838,-0.00468,-0.15516,0.06843,0.24726,
1547620743519169024,0.16897,-0.12499,0.62576,0.99721,0.06895,0.02806,-0.00579,-0.16834,0.04465,0.29034,
1547620743619168512,0.15194,-0.13154,0.62638,0.99643,0.07025,0.04660,-0.00468,-0.14761,0.01489,0.24529,
1547620743719177472,0.13728,-0.14723,0.60853,0.99548,0.07176,0.06225,-0.00229,-0.08423,-0.02071,0.17197,
1547620743819182080,0.12805,-0.16672,0.58390,0.99583,0.06152,0.06733,-0.00081,-0.07107,-0.10350,0.14632,
1547620743919169536,0.12628,-0.19503,0.55385,0.99640,0.05887,0.06095,0.00035,-0.01849,-0.16453,0.02785,
1547620744019170048,0.12693,-0.22908,0.50045,0.99722,0.05150,0.05387,0.00070,0.01891,-0.20573,-0.10071,
1547620744119170816,0.13170,-0.25461,0.47826,0.99810,0.03641,0.04970,0.00015,0.06790,-0.18772,-0.04451,
1547620744219190272,0.13004,-0.28711,0.41719,0.99860,0.02182,0.04809,-0.00090,0.08880,-0.15017,0.03801,
1547620744319169792,0.12878,-0.31312,0.35838,0.99894,0.01286,0.04407,-0.00226,0.08221,-0.17489,0.05604,
1547620744419173120,0.13137,-0.33034,0.31918,0.99914,0.02247,0.03473,-0.00346,0.05057,-0.09367,0.22298,
1547620744519168512,0.13300,-0.33707,0.32944,0.99906,0.03340,0.02723,-0.00454,0.03164,-0.07296,0.31390,
1547620744619168256,0.12641,-0.34062,0.33426,0.99913,0.03161,0.02696,-0.00424,-0.00266,-0.02945,0.39883,
1547620744719175936,0.11975,-0.34296,0.36029,0.99899,0.01056,0.04344,-0.00500,-0.01788,0.01474,0.57348,
1547620744819165696,0.12128,-0.34174,0.42069,0.99837,0.01783,0.05408,-0.00268,0.02833,0.03355,0.64101,
1547620744919166208,0.11947,-0.33450,0.46426,0.99800,0.04199,0.04732,0.00012,0.04118,0.04836,0.59026,
1547620745019165440,0.12146,-0.33138,0.51381,0.99738,0.05197,0.05031,0.00212,0.06694,0.02932,0.49062,
1547620745119189760,0.12332,-0.31983,0.53026,0.99755,0.04683,0.05142,0.00771,0.07455,0.06894,0.38056,
1547620745219163648,0.13052,-0.31068,0.55241,0.99812,0.03122,0.05136,0.01176,0.10064,0.08106,0.23984,
1547620745319165184,0.14153,-0.29076,0.55251,0.99890,0.01404,0.04189,0.01567,0.10838,0.15225,0.12151,
1547620745419163392,0.15252,-0.26663,0.55810,0.99923,0.01729,0.03026,0.01800,0.10378,0.25079,0.14879,
1547620745519166720,0.16046,-0.23537,0.57241,0.99924,0.02946,0.01983,0.01594,0.07691,0.37165,0.22453,
1547620745619167488,0.16690,-0.19535,0.58102,0.99910,0.03126,0.02620,0.01160,0.10861,0.39211,0.05910,
1547620745719168256,0.17111,-0.15899,0.57229,0.99865,0.04500,0.02456,0.00820,0.06905,0.31663,-0.00468,
1547620745819170304,0.16993,-0.13120,0.56728,0.99673,0.07887,0.01713,0.00427,0.03965,0.19595,-0.19781,
1547620745919212800,0.16461,-0.11657,0.53963,0.99513,0.09708,0.01716,0.00209,0.00005,0.08495,-0.37760,
1547620746069170432,0.15127,-0.11244,0.48701,0.99642,0.08265,0.01756,-0.00021,-0.03717,-0.02785,-0.36775,
1547620746119170304,0.14375,-0.11281,0.47695,0.99699,0.07337,0.02490,0.00020,-0.03061,-0.02100,-0.34044,
1547620746219171328,0.13601,-0.11023,0.46486,0.99802,0.05148,0.03626,-0.00024,-0.07285,-0.03060,-0.11825,
1547620746319196416,0.12710,-0.11402,0.46869,0.99868,0.03365,0.03868,-0.00182,-0.04877,-0.17212,-0.11718,
1547620746419170304,0.12012,-0.12630,0.47720,0.99854,0.03932,0.03702,-0.00320,-0.00495,-0.16989,-0.03431,
1547620746519168768,0.11582,-0.13895,0.48685,0.99772,0.06019,0.03059,-0.00247,0.00427,-0.17899,0.01296,
1547620746619175680,0.11775,-0.15220,0.49256,0.99801,0.05582,0.02930,-0.00133,0.01498,-0.17579,-0.01577,
1547620746719165440,0.11415,-0.16032,0.50758,0.99882,0.04032,0.02702,0.00039,-0.00235,-0.22423,-0.12347,
1547620746819164160,0.11346,-0.17910,0.49815,0.99928,0.02970,0.02253,0.00648,-0.01318,-0.16953,-0.11622,
1547620746919165184,0.11186,-0.16978,0.52258,0.99940,0.01181,0.03174,0.00782,-0.00351,-0.05147,-0.06236,
1547620747019165952,0.10897,-0.14740,0.56023,0.99918,0.00952,0.03858,0.00807,-0.04934,0.10444,0.17753,
1547620747119166976,0.10257,-0.11728,0.59722,0.99881,0.03947,0.02761,0.00699,-0.06018,0.16942,0.28294,
1547620747219169024,0.09649,-0.09946,0.63126,0.99735,0.07068,0.01584,0.00615,-0.08406,0.19689,0.36410,
1547620747319202816,0.09274,-0.07623,0.67533,0.99560,0.09260,0.01362,0.00427,-0.07309,0.17626,0.32092,
1547620747419170048,0.08977,-0.05839,0.70997,0.99547,0.09064,0.02802,0.00659,-0.08916,0.12364,0.23077,
1547620747519170048,0.08208,-0.05071,0.71987,0.99569,0.08258,0.04143,0.00785,-0.10188,0.03742,0.04448,
1547620747619169536,0.07396,-0.04862,0.70476,0.99638,0.06020,0.05933,0.00952,-0.07569,0.01906,-0.14531,
1547620747719170304,0.06874,-0.05723,0.66490,0.99682,0.04783,0.06272,0.01111,-0.04799,-0.04068,-0.27586,
1547620747819169792,0.06411,-0.06907,0.61176,0.99766,0.04399,0.05133,0.01013,-0.02696,-0.07288,-0.33319,
1547620747919169792,0.06802,-0.08847,0.53743,0.99775,0.05609,0.03584,0.00775,0.01825,-0.11828,-0.43466,
1547620748019212800,0.07437,-0.10675,0.47990,0.99639,0.07973,0.02902,0.00301,0.08816,-0.23515,-0.57138,
1547620748119168512,0.08235,-0.14013,0.40008,0.99694,0.06607,0.04182,0.00030,0.07563,-0.24352,-0.40608,
1547620748219169024,0.08903,-0.17524,0.33326,0.99745,0.03637,0.06146,-0.00089,0.10720,-0.28055,-0.23075,
1547620748319170048,0.08916,-0.20486,0.29253,0.99785,0.02523,0.06048,-0.00250,0.14514,-0.30393,-0.08185,
1547620748419184896,0.09017,-0.23713,0.26172,0.99858,0.02185,0.04836,-0.00379,0.13330,-0.35024,-0.02591,
1547620748519167744,0.09566,-0.26327,0.25420,0.99911,0.03634,0.02099,-0.00393,0.10389,-0.35485,0.10068,
1547620748619165952,0.10100,-0.28764,0.26085,0.99900,0.04440,-0.00171,-0.00521,0.06371,-0.34464,0.19458,
1547620748719184128,0.10075,-0.30733,0.28705,0.99926,0.03765,-0.00507,-0.00558,0.04090,-0.31752,0.22856,
1547620748819163904,0.09738,-0.31507,0.33507,0.99963,0.02425,0.01160,-0.00347,-0.03868,-0.19339,0.49276,
1547620748919164160,0.09475,-0.31275,0.39592,0.99908,-0.00127,0.04292,-0.00112,-0.01031,-0.14297,0.48543,
1547620749019163648,0.09267,-0.30679,0.45268,0.99786,-0.00760,0.06479,0.00356,0.01305,-0.12776,0.41238,
1547620749119162880,0.09881,-0.29543,0.50062,0.99747,-0.00373,0.07061,0.00777,0.06927,-0.04955,0.31500,
1547620749219165696,0.10987,-0.26771,0.54254,0.99797,0.01014,0.06166,0.01264,0.12941,0.04893,0.21945,
1547620749319175680,0.12125,-0.25451,0.56465,0.99877,0.01721,0.04335,0.01694,0.12148,0.04974,0.06741,
1547620749419162624,0.13550,-0.22295,0.58506,0.99923,0.02641,0.02288,0.01809,0.14070,0.11384,-0.01951,
1547620749519163648,0.15462,-0.19625,0.60013,0.99924,0.03422,0.00502,0.01779,0.14632,0.12686,-0.10925,
1547620749619164160,0.17064,-0.17607,0.60882,0.99901,0.04148,-0.00523,0.01492,0.11575,0.09632,-0.18442,
1547620749719164672,0.18365,-0.16027,0.60414,0.99960,0.02350,0.00973,0.01201,0.08811,0.09298,-0.21537,
1547620749819162624,0.19327,-0.14858,0.59727,0.99951,0.01596,0.02464,0.01063,0.06306,0.04169,-0.19705,
1547620749919162624,0.19909,-0.13125,0.60022,0.99924,0.03159,0.02036,0.01040,0.03508,0.13375,-0.06699,
1547620750019162880,0.20335,-0.10331,0.61197,0.99907,0.04006,0.01331,0.00926,0.02704,0.18923,-0.01270,
1547620750119170560,0.20408,-0.08569,0.60688,0.99886,0.04582,0.01021,0.00836,0.00904,0.17431,-0.03840,
1547620750219194112,0.20069,-0.06087,0.62432,0.99859,0.04992,0.01725,0.00500,-0.01986,0.18192,0.03320,
1547620750319161856,0.19611,-0.04684,0.62169,0.99841,0.05144,0.02252,0.00421,-0.07021,0.17559,0.07403,
1547620750419160832,0.18818,-0.03764,0.61677,0.99827,0.05204,0.02715,0.00379,-0.07778,0.13302,0.04144,
1547620750519172352,0.18402,-0.03116,0.61428,0.99825,0.04800,0.03451,0.00319,-0.06337,0.08925,-0.03295,
1547620750619160320,0.17818,-0.02597,0.59896,0.99795,0.05109,0.03832,0.00475,-0.05887,0.04158,-0.08494,
1547620750719159552,0.17200,-0.03211,0.57886,0.99736,0.06571,0.03068,0.00408,-0.07132,-0.04093,-0.09994,
1547620750819159296,0.16489,-0.04120,0.56219,0.99719,0.06329,0.03997,0.00182,-0.07346,-0.09156,-0.04543,
1547620750919177728,0.15332,-0.05362,0.53864,0.99735,0.06002,0.04105,0.00112,-0.06126,-0.08834,0.04462,
1547620751019160320,0.14012,-0.06417,0.52193,0.99793,0.04717,0.04372,0.00039,-0.09693,-0.07676,0.17119,
1547620751119188992,0.13627,-0.07091,0.54233,0.99843,0.02807,0.04850,0.00005,-0.06215,-0.08930,0.27573,
1547620751219160576,0.12369,-0.07770,0.53806,0.99848,0.02752,0.04782,-0.00022,-0.02486,-0.05018,0.20896,
1547620751319158784,0.11595,-0.08653,0.51013,0.99797,0.03587,0.05269,-0.00148,0.02969,-0.09469,0.06331,
1547620751419158272,0.11715,-0.09627,0.50926,0.99613,0.07082,0.05205,-0.00208,0.02450,-0.10291,0.12077,
1547620751519156224,0.10974,-0.11211,0.47495,0.99501,0.08750,0.04762,-0.00490,0.02791,-0.14640,0.01558,
1547620751619198976,0.10594,-0.13240,0.43158,0.99534,0.08770,0.03987,-0.00476,0.04894,-0.19028,0.04422,
1547620751719155456,0.10798,-0.15717,0.39831,0.99752,0.05696,0.04076,-0.00621,0.01781,-0.23966,0.17294,
1547620751819155968,0.10894,-0.19092,0.39962,0.99833,0.04490,0.03576,-0.00722,0.01628,-0.30677,0.26832,
1547620751919161344,0.09864,-0.22317,0.37629,0.99892,0.01822,0.04209,-0.00798,0.01669,-0.21064,0.36028,
1547620752019153408,0.08524,-0.24417,0.36794,0.99800,-0.01298,0.06145,-0.00685,0.02034,-0.13725,0.44960,
1547620752119168768,0.07420,-0.26778,0.36705,0.99716,-0.02207,0.07188,-0.00406,0.04579,-0.07734,0.50659,
1547620752219168512,0.06520,-0.29339,0.36084,0.99715,-0.01257,0.07430,-0.00245,0.07989,-0.10986,0.24929,
1547620752319193600,0.07084,-0.30674,0.36658,0.99754,0.00596,0.06979,0.00074,0.12029,-0.08301,0.13906,
1547620752419148032,0.07321,-0.32020,0.35497,0.99807,0.03249,0.05281,0.00380,0.12846,0.00473,0.20128,
1547620752519148288,0.08529,-0.32240,0.36067,0.99831,0.04087,0.04115,0.00481,0.17718,0.07953,0.27687,
1547620752619159040,0.10240,-0.32298,0.36791,0.99835,0.01793,0.05429,0.00488,0.18376,-0.04102,0.28947,
1547620752719145728,0.11780,-0.32741,0.37483,0.99851,0.01555,0.05193,0.00613,0.21339,0.00310,0.31577,
1547620752819145472,0.13744,-0.32162,0.39979,0.99889,0.02372,0.03978,0.00842,0.20947,0.07169,0.39490,
1547620752919145728,0.15669,-0.31440,0.43249,0.99934,0.01770,0.03060,0.00814,0.20044,0.09214,0.38043,
1547620753019160320,0.17315,-0.30458,0.46136,0.99959,0.02101,0.01742,0.00864,0.17089,0.09175,0.31932,
1547620753119145472,0.18975,-0.29705,0.48282,0.99956,0.02649,0.00955,0.00946,0.15881,-0.02803,0.13699,
1547620753219145216,0.20180,-0.28475,0.50505,0.99948,0.02837,0.01149,0.01021,0.14586,0.05787,0.13155,
1547620753319145472,0.21039,-0.26939,0.53067,0.99959,0.01682,0.01973,0.01182,0.09518,0.06595,0.11321,
1547620753419144704,0.21834,-0.25977,0.54363,0.99960,0.00749,0.02423,0.01288,0.07262,0.02466,0.02086,
1547620753519144960,0.22417,-0.24993,0.55389,0.99951,0.01459,0.02371,0.01438,0.06720,0.00098,-0.08830,
1547620753619142656,0.22739,-0.24438,0.55852,0.99951,0.01539,0.02129,0.01676,0.01897,0.01981,-0.03493,
1547620753719151616,0.22581,-0.23679,0.56324,0.99951,0.01504,0.02102,0.01770,-0.03179,0.03270,0.04397,
1547620753869142016,0.21935,-0.22187,0.56916,0.99927,0.02751,0.02080,0.01663,-0.04570,-0.03780,-0.15021,
1547620753919141888,0.21831,-0.21461,0.56879,0.99937,0.02339,0.01989,0.01754,-0.04634,-0.00398,-0.18518,
1547620754019154432,0.21118,-0.18732,0.58659,0.99945,0.01942,0.02127,0.01672,-0.07202,0.05963,-0.07298,
1547620754119144448,0.20867,-0.17506,0.58465,0.99939,0.02447,0.01991,0.01513,-0.05728,-0.02085,-0.19867,
1547620754219142656,0.20586,-0.16281,0.57959,0.99916,0.02794,0.02650,0.01417,-0.05079,0.10303,-0.07900,
1547620754319161088,0.19897,-0.14610,0.58308,0.99892,0.03135,0.03186,0.01298,-0.10008,0.07005,-0.01591,
1547620754419141888,0.18862,-0.10651,0.60780,0.99860,0.04851,0.01920,0.00876,-0.06903,0.07971,-0.07628,
1547620754519142400,0.17768,-0.09513,0.60385,0.99863,0.05078,0.01039,0.00670,-0.09554,-0.00411,-0.17733,
1547620754619141120,0.16110,-0.07223,0.61625,0.99875,0.04937,0.00688,0.00316,-0.13703,-0.00341,-0.15245,
1547620754719141632,0.14291,-0.05247,0.62688,0.99906,0.04090,0.01458,0.00063,-0.16679,-0.03127,-0.17261,
1547620754819138304,0.12559,-0.05151,0.61693,0.99883,0.04022,0.02696,-0.00130,-0.19616,-0.07848,-0.14630,
1547620754919137280,0.10902,-0.04432,0.62002,0.99808,0.04216,0.04539,-0.00168,-0.16279,-0.07714,-0.10326,
1547620755019142656,0.09359,-0.04550,0.62596,0.99708,0.05538,0.05252,-0.00293,-0.12881,-0.09033,-0.01840,
1547620755169157632,0.07607,-0.06039,0.62992,0.99740,0.04994,0.05195,-0.00198,-0.07719,-0.13282,-0.08199,
1547620755219155712,0.07036,-0.06789,0.62175,0.99782,0.04299,0.05008,-0.00193,-0.06801,-0.15994,-0.13638,
1547620755319151104,0.06548,-0.08421,0.60730,0.99841,0.03496,0.04417,-0.00193,-0.03814,-0.16319,-0.14821,
1547620755419149824,0.06048,-0.10264,0.58320,0.99874,0.02988,0.04020,-0.00290,0.00171,-0.15374,-0.20547,
1547620755519154432,0.05897,-0.11629,0.56858,0.99851,0.03334,0.04309,-0.00168,0.00333,-0.10129,-0.04881,
1547620755619146496,0.05489,-0.13515,0.56140,0.99863,0.03558,0.03822,-0.00262,-0.01417,-0.09242,0.15165,
1547620755719144704,0.05411,-0.14988,0.56629,0.99854,0.03378,0.04207,-0.00321,0.01225,-0.08864,0.22244,
1547620755819141888,0.04721,-0.17872,0.56427,0.99816,0.04136,0.04436,-0.00199,-0.00247,-0.15552,0.27568,
1547620755919155456,0.05268,-0.19568,0.58500,0.99768,0.03724,0.05702,-0.00091,0.05449,-0.15655,0.22442,
1547620756019138304,0.05308,-0.22553,0.57898,0.99753,0.02920,0.06380,0.00191,0.08178,-0.19933,0.18509,
1547620756119136512,0.05342,-0.26112,0.55367,0.99774,0.01744,0.06476,0.00429,0.11329,-0.24615,-0.00461,
1547620756219137792,0.05777,-0.29137,0.51190,0.99820,0.01315,0.05814,0.00652,0.15606,-0.21257,-0.08785,
1547620756319141376,0.07407,-0.31326,0.48877,0.99860,0.00208,0.05248,0.00648,0.18763,-0.18745,-0.15456,
1547620756419150848,0.08011,-0.33713,0.42796,0.99906,-0.00782,0.04200,0.00712,0.16673,-0.15601,-0.15305,
1547620756519139072,0.09029,-0.35133,0.41083,0.99940,0.00723,0.03376,0.00409,0.14968,-0.04294,0.06183,
1547620756619172864,0.08544,-0.36744,0.37923,0.99933,0.02272,0.02875,0.00111,0.08233,-0.00425,0.18746,
1547620756719128576,0.08238,-0.37875,0.36830,0.99915,0.02653,0.03136,-0.00244,0.02320,0.07997,0.40663,
1547620756819130880,0.08422,-0.38605,0.37534,0.99872,0.02117,0.04581,-0.00293,0.04060,0.04980,0.40994,
1547620756919128832,0.08851,-0.39591,0.38202,0.99855,0.01238,0.05228,-0.00162,0.06515,0.00521,0.30614,
1547620757019129344,0.09932,-0.40238,0.38649,0.99854,0.00879,0.05337,0.00119,0.13421,0.03893,0.27131,
1547620757119128064,0.11900,-0.39536,0.40620,0.99823,-0.00408,0.05926,0.00154,0.20398,0.07936,0.16956,
1547620757219127296,0.14020,-0.39322,0.40588,0.99819,-0.01386,0.05831,0.00499,0.20897,0.18856,0.27852,
1547620757319161344,0.16374,-0.37486,0.41802,0.99866,-0.00570,0.05083,0.00801,0.23641,0.35100,0.40114,
1547620757419129600,0.18470,-0.33873,0.45688,0.99924,0.02812,0.02579,0.00801,0.23553,0.43015,0.42871,
1547620757519130112,0.20627,-0.30308,0.49058,0.99897,0.04420,0.00829,0.00622,0.21262,0.44260,0.36654,
1547620757619128832,0.22561,-0.27193,0.50768,0.99899,0.04466,0.00015,0.00499,0.19240,0.35316,0.16967,
1547620757719128576,0.24002,-0.24559,0.51184,0.99865,0.05149,-0.00392,0.00627,0.13662,0.34584,0.12888,
1547620757819128576,0.24325,-0.21896,0.51000,0.99845,0.05502,-0.00486,0.00697,0.06048,0.30768,0.03339,
1547620757919128576,0.24393,-0.18868,0.50422,0.99881,0.04831,-0.00266,0.00636,0.00660,0.29958,-0.06030,
1547620758019137536,0.22470,-0.16878,0.48797,0.99931,0.03641,0.00405,0.00614,-0.07174,0.27947,-0.09132,
1547620758119129344,0.21262,-0.14593,0.46513,0.99902,0.04206,0.01216,0.00701,-0.08653,0.26674,-0.17957,
1547620758219129344,0.18573,-0.13972,0.43155,0.99857,0.04723,0.02366,0.00783,-0.14006,0.12077,-0.30099,
1547620758319127808,0.14966,-0.14992,0.39965,0.99678,0.07436,0.02842,0.00920,-0.23776,0.07832,-0.07598,
1547620758419133696,0.11178,-0.16782,0.37448,0.99443,0.10048,0.03035,0.00932,-0.24064,-0.07255,-0.17403,
1547620758519142400,0.07906,-0.19453,0.34464,0.99565,0.07976,0.04695,0.01067,-0.24648,-0.17999,-0.26902,
1547620758619127040,0.05218,-0.22176,0.30584,0.99651,0.05029,0.06487,0.01503,-0.19715,-0.24987,-0.33098,
1547620758719130880,0.03335,-0.24505,0.26800,0.99604,0.00886,0.08626,0.01979,-0.13882,-0.18840,-0.27794,
1547620758819123968,0.02385,-0.25947,0.23637,0.99437,-0.02701,0.09917,0.02584,-0.03716,-0.06930,-0.28113,
1547620758919126016,0.01539,-0.27134,0.18176,0.99371,-0.02250,0.10495,0.03188,-0.15078,-0.59853,0.07470,
1547620759019123968,-0.01034,-0.30800,0.18128,0.99798,0.05178,0.03512,0.01116,-0.32126,-0.24618,-0.16742,
1547620759119124992,-0.02462,-0.30312,0.16845,0.99985,0.01276,-0.00129,-0.01200,0.04482,-0.01638,-0.12127,
1547620759219123712,-0.00880,-0.30088,0.15453,0.99917,0.02292,0.03357,-0.00219,0.15086,0.00982,-0.15001,
1547620759319124992,-0.00415,-0.29603,0.14644,0.99878,0.02272,0.04366,-0.00499,-0.06776,-0.00842,-0.07576,
1547620759419148288,-0.00681,-0.29680,0.14490,0.99919,0.02295,0.03258,-0.00572,-0.01537,-0.01798,-0.08136,
1547620759519122176,-0.00496,-0.29770,0.14593,0.99916,0.02271,0.03370,-0.00565,-0.00460,-0.02745,-0.07146,
1547620759619129856,-0.00411,-0.29958,0.15092,0.99915,0.02220,0.03433,-0.00549,0.00596,-0.03504,-0.05673,
1547620759719118592,-0.00355,-0.30171,0.14941,0.99917,0.02189,0.03379,-0.00535,0.00480,-0.03631,-0.05543,
1547620759819125760,-0.00338,-0.30259,0.14869,0.99919,0.02162,0.03356,-0.00519,0.00121,-0.03462,-0.05127,
1547620759919118848,-0.00324,-0.30213,0.14882,0.99919,0.02135,0.03367,-0.00521,-0.00225,-0.03239,-0.04695,
1547620760019119104,-0.00313,-0.30136,0.15011,0.99919,0.02108,0.03393,-0.00529,-0.00443,-0.03046,-0.04263,
1547620760119120384,-0.00298,-0.30037,0.15233,0.99918,0.02087,0.03429,-0.00537,-0.00445,-0.02804,-0.03775,
1547620760219130880,-0.00280,-0.29920,0.15484,0.99917,0.02070,0.03466,-0.00548,-0.00405,-0.02677,-0.03530,
1547620760319119360,-0.00269,-0.29817,0.15719,0.99916,0.02054,0.03501,-0.00558,-0.00331,-0.02571,-0.03286,
1547620760419118848,-0.00264,-0.29732,0.15923,0.99915,0.02038,0.03536,-0.00566,-0.00305,-0.02410,-0.03044,
1547620760519118848,-0.00255,-0.29663,0.16099,0.99914,0.02026,0.03568,-0.00572,-0.00248,-0.02203,-0.02844,
1547620760619122688,-0.00257,-0.29618,0.16241,0.99913,0.02011,0.03598,-0.00575,-0.00226,-0.02026,-0.02744,
1547620760719120640,-0.00267,-0.29617,0.16372,0.99913,0.01998,0.03628,-0.00574,-0.00106,-0.01870,-0.02651,
1547620760819118848,-0.00280,-0.29636,0.16517,0.99912,0.01990,0.03659,-0.00570,0.00041,-0.01651,-0.02462,
1547620760919125760,-0.00308,-0.29671,0.16600,0.99911,0.01979,0.03683,-0.00564,0.00355,-0.01379,-0.02358,
1547620761019129856,-0.00323,-0.29691,0.16612,0.99911,0.01967,0.03694,-0.00560,0.00262,-0.01238,-0.02397,
1547620761119119872,-0.00331,-0.29710,0.16626,0.99911,0.01958,0.03702,-0.00558,0.00375,-0.01179,-0.02527,
1547620761219109120,-0.00332,-0.29723,0.16624,0.99911,0.01949,0.03707,-0.00556,0.00407,-0.01084,-0.02619,
1547620761319110912,-0.00339,-0.29723,0.16624,0.99911,0.01940,0.03713,-0.00555,0.00419,-0.00977,-0.02853,
1547620761419110656,-0.00333,-0.29701,0.16596,0.99911,0.01932,0.03712,-0.00557,0.00470,-0.00876,-0.03075,
1547620761519110912,-0.00336,-0.29686,0.16595,0.99911,0.01925,0.03717,-0.00559,0.00509,-0.00860,-0.03218,
1547620761619154432,-0.00339,-0.29689,0.16588,0.99911,0.01916,0.03720,-0.00558,0.00538,-0.00865,-0.03255,
1547620761719118592,-0.00341,-0.29685,0.16602,0.99911,0.01910,0.03727,-0.00558,0.00637,-0.00830,-0.03343,
1547620761819119616,-0.00344,-0.29680,0.16605,0.99911,0.01901,0.03733,-0.00558,0.00657,-0.00771,-0.03400,
1547620761919119616,-0.00344,-0.29687,0.16603,0.99911,0.01896,0.03736,-0.00558,0.00726,-0.00773,-0.03356,
1547620762019125760,-0.00348,-0.29682,0.16616,0.99911,0.01888,0.03742,-0.00558,0.00725,-0.00716,-0.03470,
1547620762119119872,-0.00353,-0.29674,0.16613,0.99911,0.01880,0.03745,-0.00558,0.00784,-0.00758,-0.03756,
1547620762219119872,-0.00353,-0.29684,0.16594,0.99911,0.01873,0.03748,-0.00557,0.00899,-0.00750,-0.03905,
1547620762319120896,-0.00351,-0.29684,0.16589,0.99911,0.01866,0.03752,-0.00557,0.00929,-0.00724,-0.04163,
1547620762419119616,-0.00351,-0.29682,0.16575,0.99911,0.01859,0.03753,-0.00557,0.00980,-0.00723,-0.04480,
1547620762519121408,-0.00348,-0.29678,0.16573,0.99911,0.01852,0.03758,-0.00557,0.01054,-0.00696,-0.04532,
1547620762619119360,-0.00344,-0.29677,0.16574,0.99911,0.01845,0.03760,-0.00557,0.01037,-0.00726,-0.04637,
1547620762719133440,-0.00344,-0.29685,0.16569,0.99911,0.01835,0.03766,-0.00557,0.01071,-0.00693,-0.04655,
1547620762819119360,-0.00342,-0.29679,0.16567,0.99911,0.01830,0.03770,-0.00557,0.01084,-0.00678,-0.04862,
